region,General hospitals Center Care Inpatient Rate,General hospitals day care Rate,General hospitals total rate,General hospitals Primary care Inpatient Rate,General hospitals Primary care day care Rate,General hospitals Primary care total rate,Specialty Clinics SC psychiatric Inpatient Rate,Specialty Clinics psychiatric day care Rate,Specialty Clinics psychiatric total rate,Specialty Clinics psychiatric Reahbilitation Inpatient rate,Specialty Clinics psychiatric Reahbilitation day care Rate,Specialty Clinics psychiatric Reahbilitation total rate,Other Specialty Clinics Inpatient Rate,Other Specialty Clinics day care Rate,Other Specialty Clinics total rate,Total hospitals Inpatient Rate,Total hospitals day care Rate,Total hospitals total rate,year
Total,54.5,15.7,70.1,63.3,18.9,82.2,6.5,0.3,6.8,6.0,0.5,6.5,12.4,4.7,17.1,142.7,40.0,182.7,2001.0
Genferseeregion,49.1,56.9,106.0,63.7,32.4,96.1,8.2,0.1,8.2,5.1,0.6,5.7,12.0,11.6,23.6,138.0,101.6,239.6,2001.0
Waadt,37.6,9.6,47.2,84.5,46.8,131.2,8.9,0.0,8.9,3.7,0.4,4.1,9.6,11.4,21.0,144.3,68.1,212.4,2001.0
Wallis,41.7,2.5,44.2,83.2,29.0,112.2,3.5,0.2,3.7,9.1,1.5,10.6,7.1,1.0,8.1,144.5,34.3,178.8,2001.0
Genf,71.4,165.4,236.8,19.1,13.0,32.0,10.2,0.0,10.2,4.5,0.4,4.9,18.9,19.1,38.0,124.0,197.8,321.8,2001.0
Espace Mittelland,54.8,15.7,70.5,79.5,26.4,105.9,6.0,0.3,6.3,5.1,0.5,5.7,7.8,4.1,11.8,153.2,167.2,200.2,2001.0
Bern,43.5,22.7,66.2,85.1,37.2,122.3,5.4,0.5,5.9,6.3,0.5,6.8,6.9,5.8,12.6,147.1,66.7,213.9,2001.0
Freiburg,58.4,12.8,71.2,78.3,9.5,87.8,6.7,0.0,6.7,2.6,1.0,3.6,9.1,1.1,10.2,155.1,24.5,179.6,2001.0
Solothurn,61.2,3.0,64.2,75.5,7.9,83.4,5.1,0.1,5.2,4.2,0.3,4.5,7.3,1.5,8.8,153.3,12.9,166.2,2001.0
Neuenburg,116.7,3.9,120.6,44.6,2.5,47.2,9.9,0.0,9.9,4.1,0.2,4.3,11.7,3.6,15.3,187.1,10.3,197.4,2001.0
Jura,25.5,3.2,28.7,105.9,58.7,164.6,4.9,0.3,5.2,3.5,0.5,4.1,8.4,0.5,8.9,148.3,63.2,211.5,2001.0
Nordwestschweiz,72.1,0.7,72.9,43.4,4.1,47.5,6.0,0.3,6.3,6.3,0.2,6.5,16.1,2.9,18.9,143.9,8.2,152.1,2001.0
Basel-Stadt,86.1,2.5,88.6,53.0,11.6,64.6,13.3,1.0,14.2,8.8,0.2,9.0,30.3,3.3,33.6,191.4,18.6,210.1,2001.0
Basel-Landschaft,94.9,0.2,95.1,35.4,4.6,39.9,5.8,0.3,6.1,5.1,0.2,5.3,18.8,4.1,22.9,159.9,9.5,169.4,2001.0
Aargau,56.5,0.4,56.9,43.9,1.3,45.3,3.6,0.0,3.7,6.0,0.2,6.2,9.9,2.1,12.0,120.0,4.0,124.0,2001.0
Zürich,57.0,9.0,66.0,52.9,14.7,67.6,7.8,0.8,8.6,6.5,0.0,6.6,15.4,3.6,19.0,139.6,28.1,167.7,2001.0
Ostschweiz,51.0,0.4,51.4,57.1,19.0,76.1,5.5,0.1,5.6,7.2,0.6,7.8,16.4,4.0,20.4,137.2,24.1,161.2,2001.0
Glarus,13.1,0.2,13.2,96.5,2.9,99.4,3.0,0.0,3.0,10.6,0.4,11.0,6.6,1.6,8.2,129.8,5.1,134.9,2001.0
Schaffhausen,13.2,1.2,14.5,81.0,0.6,81.6,6.2,0.0,6.3,6.9,0.1,7.0,31.0,7.4,38.4,138.4,9.4,147.8,2001.0
Appenzell A. Rh.,26.2,0.1,26.3,79.2,46.7,125.9,6.1,0.0,6.1,5.7,0.7,6.4,14.1,7.3,21.4,131.2,54.9,186.1,2001.0
Appenzell I. Rh.,22.8,0.1,22.9,81.0,55.2,136.2,3.5,0.0,3.5,4.8,0.1,4.9,12.5,4.3,16.9,124.7,59.7,184.3,2001.0
St. Gallen,47.2,0.2,47.4,64.9,33.0,98.0,4.8,0.0,4.8,7.5,1.0,8.5,14.7,4.7,19.4,139.2,38.9,178.1,2001.0
Graubünden,49.4,0.2,49.7,71.0,1.2,72.2,7.2,0.3,7.5,5.4,0.1,5.4,17.7,0.8,18.5,150.8,2.6,153.4,2001.0
Thurgau,86.0,0.6,86.6,8.9,5.6,14.5,5.8,0.0,5.9,8.1,0.4,8.6,16.2,4.0,20.2,125.1,10.7,135.7,2001.0
Zentralschweiz,37.3,0.2,37.5,66.7,12.2,78.8,4.4,0.0,4.4,6.4,0.7,7.1,5.8,0.5,6.3,120.5,13.7,134.2,2001.0
Luzern,55.3,0.3,55.6,46.4,11.4,57.8,5.2,0.0,5.2,6.7,0.5,7.2,6.1,0.5,6.6,119.7,12.6,132.4,2001.0
Uri,18.7,0.1,18.8,92.9,2.8,95.7,2.9,0.0,2.9,4.6,0.7,5.3,2.4,0.3,2.7,121.5,3.9,125.4,2001.0
Schwyz,18.5,0.2,18.7,92.3,17.5,109.9,3.5,0.0,3.5,5.4,0.3,5.7,7.5,0.9,8.4,127.2,18.9,146.1,2001.0
Obwalden,22.0,0.2,22.3,84.3,4.0,88.4,1.9,0.0,1.9,6.3,0.6,6.9,4.5,0.4,4.9,119.1,5.2,124.3,2001.0
Nidwalden,22.0,0.2,22.2,81.5,8.8,90.2,2.0,0.1,2.0,5.5,0.6,6.1,3.7,0.3,4.0,114.7,9.9,124.6,2001.0
Zug,16.1,0.3,16.4,83.3,15.0,98.2,4.8,0.0,4.8,7.9,2.2,10.0,4.9,0.5,5.4,116.9,18.0,134.9,2001.0
Tessin,59.0,0.4,59.4,92.7,0.3,93.0,7.2,0.0,7.2,7.7,1.2,9.0,15.7,0.2,15.9,182.4,2.2,184.6,2001.0
Total,55.2,7.8,63.0,62.1,15.1,77.2,6.7,3.1,9.8,6.0,0.1,6.1,12.5,5.6,18.1,142.7,40.0,182.7,2002.0
Genferseeregion,48.1,11.2,59.3,65.5,30.7,96.2,8.2,12.9,21.1,5.1,0.0,5.1,13.4,16.2,29.6,138.0,101.6,239.6,2002.0
Waadt,37.4,5.8,43.2,84.6,40.3,124.9,9.0,0.3,9.3,3.8,0.0,3.8,10.3,11.5,21.8,145.1,57.9,203.0,2002.0
Wallis,39.1,1.7,40.8,80.6,34.7,115.2,4.7,0.7,5.4,8.6,0.0,8.6,11.7,1.0,12.7,144.6,38.0,182.7,2002.0
Genf,70.3,25.9,96.2,26.5,13.4,39.9,9.4,40.0,49.5,4.7,0.0,4.7,19.3,33.5,52.7,130.1,112.8,242.9,2002.0
Espace Mittelland,56.3,17.7,74.0,73.9,21.2,95.0,6.3,2.4,8.7,5.1,0.0,5.1,8.1,3.8,11.9,153.2,167.2,200.2,2002.0
Bern,47.8,26.4,74.2,74.9,27.8,102.7,5.7,4.1,9.8,6.3,0.0,6.3,7.1,5.0,12.2,141.9,63.4,205.3,2002.0
Freiburg,55.8,12.9,68.6,80.1,8.9,89.1,6.5,0.1,6.7,2.4,0.0,2.4,8.4,1.2,9.6,153.2,23.1,176.3,2002.0
Solothurn,58.7,3.6,62.3,74.2,7.5,81.7,5.6,0.1,5.7,3.8,0.0,3.8,7.4,1.2,8.7,149.8,12.4,162.2,2002.0
Neuenburg,114.6,2.7,117.3,43.9,2.2,46.1,10.6,0.0,10.6,3.9,0.0,3.9,13.6,5.6,19.2,186.7,10.5,197.2,2002.0
Jura,24.5,2.5,27.0,109.0,67.0,176.1,5.2,0.3,5.5,4.0,0.0,4.0,8.7,1.0,9.7,151.4,70.8,222.2,2002.0
Nordwestschweiz,74.4,0.9,75.3,43.8,3.8,47.5,6.2,0.3,6.4,6.4,0.1,6.5,16.5,3.0,19.6,143.9,8.2,152.1,2002.0
Basel-Stadt,86.6,3.2,89.9,53.7,10.9,64.6,13.5,0.9,14.4,8.4,0.0,8.4,32.0,3.0,34.9,194.2,18.1,212.2,2002.0
Basel-Landschaft,95.4,0.4,95.8,35.0,3.9,39.0,6.1,0.3,6.4,5.4,0.1,5.5,18.9,4.2,23.1,160.9,8.8,169.7,2002.0
Aargau,60.3,0.4,60.7,44.5,1.3,45.8,3.7,0.0,3.8,6.3,0.1,6.3,10.2,2.5,12.7,125.1,4.3,129.4,2002.0
Zürich,57.0,8.7,65.8,52.5,15.7,68.1,7.7,0.8,8.4,6.3,0.0,6.3,14.8,4.6,19.5,138.3,29.8,168.1,2002.0
Ostschweiz,51.6,0.4,52.0,56.9,1.0,58.0,5.8,0.3,6.0,7.3,0.5,7.8,15.1,3.9,19.0,137.2,24.1,161.2,2002.0
Glarus,11.1,0.2,11.3,100.2,0.6,100.8,2.5,0.0,2.5,11.8,0.0,11.9,6.9,1.6,8.5,132.6,2.4,135.0,2002.0
Schaffhausen,12.7,1.3,14.0,83.4,0.7,84.1,6.3,0.2,6.5,6.6,0.0,6.6,9.0,2.6,11.6,118.0,4.8,122.7,2002.0
Appenzell A. Rh.,25.2,0.2,25.3,73.4,1.3,74.6,5.4,0.0,5.4,6.1,0.6,6.7,14.5,7.6,22.1,124.6,9.6,134.2,2002.0
Appenzell I. Rh.,24.5,0.0,24.5,90.7,22.0,112.7,3.6,0.0,3.6,3.9,0.1,4.1,10.5,5.4,15.9,133.3,27.5,160.8,2002.0
St. Gallen,48.6,0.2,48.8,64.8,0.7,65.6,5.2,0.0,5.2,7.7,0.9,8.6,14.8,5.1,19.9,141.1,7.0,148.1,2002.0
Graubünden,51.1,0.2,51.3,69.1,1.0,70.1,7.2,1.3,8.5,5.7,0.0,5.7,18.1,0.8,18.9,151.2,3.2,154.5,2002.0
Thurgau,85.4,0.6,86.0,9.6,0.4,10.0,6.3,0.1,6.4,7.6,0.3,7.9,16.8,3.9,20.7,125.7,5.3,131.1,2002.0
Zentralschweiz,38.3,0.3,38.5,65.5,14.0,79.5,4.6,0.0,4.6,6.3,0.0,6.3,5.6,0.6,6.2,120.5,13.7,134.2,2002.0
Luzern,56.2,0.3,56.5,44.4,13.8,58.2,5.5,0.0,5.5,6.6,0.0,6.7,5.6,0.4,6.0,118.3,14.5,132.8,2002.0
Uri,18.5,0.2,18.7,96.4,4.7,101.1,3.4,0.0,3.4,4.6,0.0,4.6,2.7,0.2,3.0,125.6,5.2,130.7,2002.0
Schwyz,18.9,0.2,19.1,89.8,20.7,110.4,3.9,0.0,3.9,5.1,0.0,5.1,7.4,1.2,8.6,125.0,22.1,147.1,2002.0
Obwalden,24.5,0.2,24.7,84.2,4.7,88.9,1.1,0.0,1.1,4.5,0.0,4.5,5.3,0.6,5.9,119.6,5.5,125.1,2002.0
Nidwalden,22.0,0.2,22.2,83.5,9.7,93.2,1.9,0.0,1.9,6.4,0.0,6.4,3.9,0.5,4.4,117.7,10.4,128.1,2002.0
Zug,19.0,0.3,19.3,83.4,14.2,97.6,5.3,0.0,5.4,7.6,0.0,7.6,5.3,0.5,5.8,120.5,15.1,135.6,2002.0
Tessin,60.1,0.3,60.4,91.4,0.3,91.7,7.5,0.0,7.5,7.9,0.0,7.9,16.9,0.3,17.1,183.8,0.9,184.7,2002.0
Total,56.3,8.9,65.2,62.0,15.9,77.9,6.6,2.9,9.4,6.5,0.1,6.6,12.2,6.3,18.5,143.6,34.1,177.7,2003.0
Genferseeregion,50.9,15.8,66.6,66.1,29.9,96.0,6.7,13.6,20.2,6.4,0.0,6.4,12.8,12.8,25.6,142.9,72.0,214.9,2003.0
Waadt,42.6,6.1,48.7,81.8,38.6,120.4,4.7,0.5,5.2,6.0,0.0,6.0,11.4,13.5,24.8,146.4,58.7,205.1,2003.0
Wallis,39.5,1.9,41.3,79.7,35.7,115.3,5.6,0.3,5.8,8.6,0.0,8.6,11.9,1.4,13.3,145.2,39.3,184.4,2003.0
Genf,71.0,39.7,110.7,33.4,12.8,46.2,10.3,42.2,52.5,5.6,0.0,5.6,15.7,19.5,35.2,136.0,114.1,250.1,2003.0
Espace Mittelland,57.2,18.9,76.0,70.1,21.1,91.1,6.6,0.4,6.9,5.3,0.0,5.3,8.0,4.9,12.9,147.1,45.2,192.3,2003.0
Bern,48.6,28.0,76.7,68.5,27.1,95.6,6.0,0.6,6.6,6.6,0.0,6.6,7.4,6.0,13.4,137.2,61.7,198.9,2003.0
Freiburg,55.7,13.2,68.9,79.4,10.3,89.7,6.7,0.0,6.7,2.6,0.0,2.6,7.8,1.7,9.5,152.2,25.2,177.4,2003.0
Solothurn,60.8,4.5,65.3,72.3,8.1,80.4,6.2,0.1,6.3,4.4,0.0,4.4,7.7,2.5,10.2,151.4,15.2,166.6,2003.0
Neuenburg,115.6,3.1,118.7,44.3,2.2,46.5,10.8,0.0,10.8,3.6,0.0,3.6,13.7,7.1,20.8,188.0,12.4,200.4,2003.0
Jura,25.6,2.8,28.4,112.4,68.6,181.0,5.7,0.2,5.8,4.3,0.0,4.3,4.3,4.1,8.3,152.2,75.7,227.9,2003.0
Nordwestschweiz,75.2,1.2,76.3,43.5,4.4,47.8,6.1,0.3,6.4,6.8,0.0,6.9,15.5,5.3,20.8,147.0,11.2,158.2,2003.0
Basel-Stadt,87.7,4.0,91.6,53.7,11.5,65.1,13.0,0.9,13.8,8.4,0.0,8.4,30.2,7.4,37.6,192.9,23.7,216.5,2003.0
Basel-Landschaft,96.5,0.4,96.8,33.8,4.6,38.4,6.2,0.3,6.5,6.0,0.0,6.1,18.0,8.0,26.0,160.4,13.3,173.7,2003.0
Aargau,60.9,0.6,61.5,44.6,1.9,46.6,3.8,0.0,3.8,6.7,0.1,6.8,9.4,3.3,12.7,125.4,6.0,131.3,2003.0
Zürich,57.9,8.3,66.2,52.5,17.0,69.5,8.2,1.0,9.2,6.7,0.0,6.7,14.0,4.8,18.8,139.3,31.1,170.4,2003.0
Ostschweiz,53.2,0.5,53.8,60.7,4.5,65.3,5.9,0.3,6.3,7.9,0.4,8.3,15.9,5.1,21.0,143.8,10.9,154.7,2003.0
Glarus,14.0,0.3,14.3,116.0,78.0,194.0,1.9,0.0,1.9,8.7,0.0,8.7,5.9,1.6,7.5,146.5,79.9,226.5,2003.0
Schaffhausen,13.6,1.5,15.1,85.1,1.1,86.2,7.2,0.0,7.2,7.5,0.0,7.5,20.3,13.3,33.6,133.6,15.9,149.5,2003.0
Appenzell A. Rh.,26.3,0.2,26.5,77.4,27.2,104.6,3.3,0.1,3.3,4.7,0.0,4.7,11.1,4.7,15.7,122.7,32.1,154.9,2003.0
Appenzell I. Rh.,26.8,0.3,27.1,81.6,2.8,84.4,6.8,0.0,6.8,6.6,0.7,7.3,13.8,7.7,21.5,135.6,11.5,147.1,2003.0
St. Gallen,49.9,0.4,50.3,66.6,1.8,68.4,5.3,0.2,5.5,8.1,0.8,8.8,15.5,5.5,21.0,145.3,8.7,154.1,2003.0
Graubünden,53.6,0.3,54.0,80.7,0.8,81.4,7.2,1.3,8.5,5.4,0.0,5.4,19.2,1.5,20.7,166.1,3.9,170.0,2003.0
Thurgau,86.6,0.7,87.3,10.3,0.8,11.0,6.4,0.1,6.5,10.2,0.2,10.4,15.3,4.5,19.8,128.7,6.2,134.9,2003.0
Zentralschweiz,37.5,0.5,38.1,68.0,13.4,81.4,4.5,0.0,4.5,6.1,0.0,6.1,5.6,0.7,6.3,121.8,14.6,136.4,2003.0
Luzern,55.3,0.4,55.6,45.4,15.3,60.7,5.3,0.0,5.3,6.4,0.0,6.4,5.7,0.4,6.2,118.2,16.1,134.3,2003.0
Uri,18.7,0.5,19.2,100.0,3.5,103.5,3.2,0.0,3.2,4.5,0.0,4.5,2.6,0.3,2.9,129.0,4.3,133.3,2003.0
Schwyz,19.4,0.9,20.3,94.1,22.2,116.3,4.0,0.0,4.1,5.5,0.0,5.5,7.8,1.5,9.3,130.9,24.7,155.5,2003.0
Obwalden,23.9,0.5,24.5,87.7,4.9,92.6,1.1,0.0,1.1,5.5,0.0,5.5,3.7,0.2,3.9,122.0,5.7,127.6,2003.0
Nidwalden,21.5,0.4,21.9,86.2,10.2,96.3,1.7,0.0,1.7,5.2,0.0,5.2,4.3,0.6,4.9,118.9,11.2,130.0,2003.0
Zug,17.3,0.6,18.0,87.5,2.5,90.1,4.8,0.0,4.8,7.0,0.0,7.0,4.5,0.6,5.1,121.2,3.8,125.0,2003.0
Tessin,59.2,0.3,59.5,89.0,6.1,95.0,7.6,1.4,9.0,7.9,0.0,7.9,16.5,12.1,28.6,180.1,19.9,200.0,2003.0
Total,57.3,10.3,67.6,63.9,14.8,78.7,6.6,4.5,11.1,6.3,0.2,6.5,12.2,5.7,17.9,146.4,35.5,181.8,2004.0
Genferseeregion,51.8,17.8,69.7,65.7,24.5,90.2,5.6,18.8,24.4,5.7,0.0,5.7,11.7,11.2,23.0,140.6,72.4,213.0,2004.0
Waadt,46.4,13.9,60.3,81.6,38.6,120.2,4.6,1.1,5.7,5.1,0.0,5.1,10.0,8.5,18.5,147.6,62.2,209.8,2004.0
Wallis,42.0,9.7,51.7,78.4,22.1,100.5,5.2,0.0,5.2,8.3,0.0,8.3,12.1,1.3,13.4,145.9,33.1,179.0,2004.0
Genf,66.7,29.2,95.9,33.2,4.8,38.0,7.3,58.3,65.6,5.0,0.0,5.0,14.1,22.0,36.2,126.3,114.4,240.7,2004.0
Espace Mittelland,57.5,19.9,77.4,72.2,19.2,91.4,6.9,0.4,7.3,5.5,0.0,5.5,8.2,5.0,13.2,150.2,44.6,194.8,2004.0
Bern,50.5,28.7,79.3,71.7,22.6,94.2,6.2,0.7,7.0,6.8,0.0,6.8,7.5,6.2,13.7,142.8,58.2,201.0,2004.0
Freiburg,55.7,16.5,72.2,77.7,13.3,91.0,6.7,0.0,6.7,2.7,0.0,2.7,7.5,1.5,9.0,150.4,31.3,181.7,2004.0
Solothurn,61.7,4.9,66.5,77.4,8.9,86.3,6.4,0.1,6.5,4.8,0.0,4.8,7.6,1.8,9.4,158.0,15.7,173.6,2004.0
Neuenburg,106.3,3.8,110.1,43.8,1.7,45.5,11.9,0.0,11.9,3.6,0.0,3.6,15.5,8.3,23.8,181.2,13.8,195.0,2004.0
Jura,26.0,4.0,30.0,109.9,72.7,182.6,5.3,0.1,5.4,4.0,0.1,4.1,4.8,4.9,9.7,150.0,81.8,231.8,2004.0
Nordwestschweiz,75.4,3.3,78.8,49.9,8.2,58.1,6.2,0.3,6.5,6.3,0.4,6.7,16.7,5.7,22.4,154.5,17.9,172.5,2004.0
Basel-Stadt,87.5,10.2,97.7,54.1,11.1,65.2,13.5,1.2,14.6,7.2,1.1,8.3,31.9,9.5,41.4,194.1,33.1,227.2,2004.0
Basel-Landschaft,96.6,3.7,100.2,36.9,3.9,40.8,6.3,0.3,6.6,5.8,0.5,6.3,17.7,9.2,26.9,163.3,17.5,180.8,2004.0
Aargau,61.5,0.9,62.4,54.7,9.3,63.9,3.7,0.0,3.8,6.2,0.1,6.3,11.1,2.9,14.0,137.2,13.1,150.4,2004.0
Zürich,58.1,9.6,67.7,53.7,15.9,69.6,8.6,1.0,9.5,5.8,0.0,5.9,14.2,5.2,19.3,140.4,31.6,172.1,2004.0
Ostschweiz,57.3,0.7,58.0,61.8,4.1,65.9,6.4,1.5,7.9,8.3,0.4,8.8,15.6,5.0,20.6,149.4,11.8,161.2,2004.0
Glarus,14.7,1.0,15.7,114.8,67.8,182.6,4.3,0.1,4.3,9.9,0.0,9.9,7.3,1.9,9.1,150.9,70.7,221.6,2004.0
Schaffhausen,14.3,1.8,16.0,96.0,8.0,104.0,7.6,0.2,7.9,7.8,0.0,7.8,17.9,13.9,31.8,143.6,23.9,167.5,2004.0
Appenzell A. Rh.,28.3,0.3,28.6,90.9,1.2,92.1,7.0,0.5,7.5,6.5,0.7,7.2,14.8,6.7,21.5,147.5,9.3,156.9,2004.0
Appenzell I. Rh.,26.8,0.1,27.0,87.5,17.7,105.2,4.8,0.1,4.9,4.7,0.3,5.0,11.4,4.5,15.9,135.3,22.6,157.9,2004.0
St. Gallen,56.2,0.5,56.7,68.5,1.1,69.6,5.7,0.5,6.1,8.0,0.8,8.8,15.3,5.3,20.5,153.6,8.2,161.8,2004.0
Graubünden,54.7,0.5,55.2,72.9,0.6,73.5,7.7,1.6,9.3,5.3,0.0,5.3,19.0,2.3,21.2,159.6,5.0,164.6,2004.0
Thurgau,90.9,1.0,91.9,11.6,1.0,12.6,6.6,4.6,11.2,12.0,0.2,12.2,14.6,3.9,18.5,135.7,10.7,146.4,2004.0
Zentralschweiz,38.6,0.8,39.4,70.3,12.9,83.2,4.6,0.1,4.7,7.3,0.0,7.3,5.6,0.7,6.3,126.4,14.5,140.9,2004.0
Luzern,56.5,0.6,57.1,48.1,16.5,64.5,5.4,0.0,5.4,6.2,0.0,6.2,5.8,0.5,6.4,122.0,17.6,139.6,2004.0
Uri,20.1,0.5,20.6,96.9,1.7,98.7,3.1,0.0,3.2,5.6,0.0,5.6,3.2,0.5,3.7,128.9,2.8,131.6,2004.0
Schwyz,20.0,1.2,21.2,100.4,17.5,117.9,4.0,0.0,4.0,6.1,0.0,6.1,7.6,1.5,9.0,138.0,20.2,158.2,2004.0
Obwalden,23.7,0.5,24.1,88.7,4.5,93.2,1.3,0.1,1.4,4.5,0.0,4.5,4.7,0.4,5.1,122.9,5.4,128.3,2004.0
Nidwalden,23.0,0.6,23.6,86.3,6.9,93.2,1.8,0.0,1.8,6.7,0.0,6.7,3.7,0.3,4.1,121.6,7.9,129.5,2004.0
Zug,19.0,1.1,20.1,86.0,3.1,89.1,5.2,0.8,6.0,14.0,0.0,14.0,4.3,0.6,4.9,128.5,5.6,134.2,2004.0
Tessin,59.7,4.9,64.6,90.8,6.7,97.5,7.6,12.6,20.2,6.9,0.7,7.7,16.7,1.5,18.2,181.8,26.3,208.1,2004.0
Total,50.0,8.3,56.09,55.32,11.52,64.66,5.48,0.4,5.71,5.84,0.01,5.84,10.67,2.94,13.4,127.91,23.17,151.13,2005.0
Genferseeregion,63.25,17.56,80.81,41.2,11.53,52.73,5.42,2.27,6.93,5.5,0.02,5.51,12.08,2.7,14.78,126.134,35.226,161.36,2005.0
Waadt,35.77,11.27,47.04,69.12,26.46,95.59,3.41,0.02,3.42,4.65,0.02,4.67,7.98,2.65,10.63,120.93,40.42,161.35,2005.0
Wallis,83.52,20.26,103.78,23.16,4.78,27.94,5.47,0.0,5.47,6.49,0.0,6.49,11.41,0.7,12.11,130.05,25.74,155.79,2005.0
Genf,70.46,21.15,91.61,31.32,3.34,34.66,7.39,4.52,11.9,5.36,0.01,5.37,16.86,4.74,21.6,131.39,33.75,165.14,2005.0
Espace Mittelland,50.46,8.14,58.59,65.15,17.45,82.6,5.84,0.21,6.0,4.14,0.0,4.14,5.76,2.63,8.39,131.334,34.216,165.55,2005.0
Bern,42.34,16.19,58.53,68.13,22.07,90.2,5.83,0.57,6.4,6.66,0.0,6.66,6.67,5.88,12.56,129.64,44.71,174.34,2005.0
Freiburg,45.48,14.83,60.31,68.45,16.45,84.9,5.09,0.04,5.13,2.67,0.0,2.67,4.98,1.28,6.27,126.67,32.61,159.27,2005.0
Solothurn,52.04,3.6,55.64,69.09,5.37,74.46,5.07,0.05,5.12,4.6,0.0,4.61,8.5,1.62,10.13,139.3,10.64,149.94,2005.0
Neuenburg,90.33,2.31,92.64,33.54,1.85,35.39,8.61,0.17,8.78,3.4,0.0,3.4,4.88,1.78,6.65,140.75,6.11,146.86,2005.0
Jura,22.09,3.76,25.85,86.54,41.49,128.04,4.6,0.0,4.6,3.37,0.0,3.37,3.77,2.57,6.35,120.37,47.83,168.2,2005.0
Nordwestschweiz,69.72,3.97,73.69,41.45,5.69,47.14,6.46,0.33,6.79,6.23,0.05,6.28,18.34,4.64,22.98,134.0,12.77,146.77,2005.0
Basel-Stadt,75.24,8.21,83.45,45.17,8.5,53.66,10.14,0.88,11.02,6.61,0.11,6.72,28.38,4.94,33.32,188.18,22.64,165.54,2005.0
Basel-Landschaft,80.51,2.8,83.3,32.79,1.22,34.01,5.1,0.07,5.17,6.0,0.04,6.04,15.98,6.99,22.97,151.49,11.12,140.37,2005.0
Aargau,53.41,0.91,54.33,46.39,7.37,53.76,4.14,0.03,4.16,6.08,0.0,6.09,10.66,2.0,12.66,130.99,10.31,120.68,2005.0
Zürich,50.4,9.9,60.3,51.4,13.3,64.7,6.5,0.0,6.5,5.9,0.0,5.9,11.0,2.8,13.8,125.23,25.98,151.22,2005.0
Ostschweiz,32.73,1.18,33.9,65.65,7.9,73.55,4.83,0.07,4.86,6.51,0.0,6.51,12.48,2.13,14.61,125.71,6.6,132.32,2005.0
Glarus,13.54,1.23,14.77,92.47,33.61,126.08,1.88,0.0,1.88,9.44,0.0,9.44,6.09,0.68,6.77,123.42,35.52,158.94,2005.0
Schaffhausen,12.05,2.39,14.43,69.27,18.17,87.44,6.86,0.0,6.86,4.72,0.0,4.72,14.35,4.38,18.73,107.24,24.94,132.18,2005.0
Appenzell A. Rh.,22.08,0.3,22.39,77.21,0.3,77.52,4.69,0.0,4.69,6.11,0.0,6.11,11.93,3.66,15.59,122.02,4.27,126.29,2005.0
Appenzell I. Rh.,19.9,0.13,20.03,84.1,0.26,84.37,3.17,0.0,3.17,4.89,0.0,4.89,8.27,2.05,10.31,120.34,2.45,122.78,2005.0
St. Gallen,40.67,0.54,41.22,63.14,1.32,64.46,5.03,0.01,5.04,7.94,0.0,7.94,13.29,2.24,15.53,130.07,4.11,134.18,2005.0
Graubünden,44.77,0.69,45.46,60.58,0.39,60.98,5.08,0.05,5.13,4.23,0.0,4.23,21.34,0.29,21.63,136.01,1.43,137.44,2005.0
Thurgau,76.06,2.95,79.01,12.79,1.21,14.0,7.09,0.16,7.25,8.25,0.0,8.25,12.08,1.63,13.71,116.26,5.95,122.22,2005.0
Zentralschweiz,23.26,0.74,24.0,76.98,6.54,83.52,3.1,0.03,3.1,5.52,0.0,5.52,4.88,0.22,5.09,114.03,10.86,124.9,2005.0
Luzern,48.85,0.44,49.29,45.92,13.15,59.06,4.61,0.0,4.61,5.52,0.0,5.52,5.5,0.2,5.7,110.41,13.79,124.19,2005.0
Uri,16.44,0.6,17.04,80.22,1.11,81.33,3.02,0.0,3.02,4.42,0.0,4.42,2.82,0.2,3.02,106.92,1.91,108.83,2005.0
Schwyz,17.37,1.51,18.88,93.19,12.49,105.68,3.65,0.0,3.65,6.38,0.0,6.38,6.03,0.34,6.36,126.62,14.33,140.95,2005.0
Obwalden,21.83,0.45,22.28,80.61,3.76,84.37,1.26,0.03,1.29,4.94,0.0,4.94,6.02,0.27,6.29,114.67,4.52,119.18,2005.0
Nidwalden,20.18,0.38,20.55,77.88,7.19,85.07,1.72,0.0,1.72,5.65,0.0,5.65,4.77,0.15,4.92,110.19,7.72,117.91,2005.0
Zug,14.9,1.04,15.94,84.05,1.54,85.59,4.32,0.0,4.32,6.21,0.0,6.21,4.12,0.15,4.27,113.59,2.73,116.32,2005.0
Tessin,49.23,5.82,55.05,71.42,7.39,78.81,5.27,0.53,5.8,6.09,0.0,6.09,14.42,4.42,18.85,146.43,18.17,164.6,2005.0
Total,49.69,8.25,55.74,54.98,11.45,64.25,5.45,0.4,5.68,5.8,0.01,5.8,10.6,2.92,13.31,126.5,23.0,144.8,2006.0
Genferseeregion,62.64,17.4,80.04,40.79,11.4,52.19,5.37,2.25,6.87,5.44,0.02,5.45,11.97,2.67,14.65,126.2,33.7,159.2,2006.0
Waadt,35.37,11.15,46.51,68.35,26.17,94.51,3.37,0.02,3.38,4.6,0.02,4.61,7.9,2.62,10.51,119.57,39.97,159.54,2006.0
Wallis,82.58,20.03,102.61,22.9,4.72,27.62,5.41,0.0,5.41,6.42,0.0,6.42,11.28,0.7,11.97,128.58,25.45,154.03,2006.0
Genf,69.99,21.0,90.99,31.11,3.31,34.42,7.34,4.49,11.82,5.32,0.01,5.33,16.74,4.71,21.45,130.5,33.53,164.02,2006.0
Espace Mittelland,50.21,8.08,58.3,64.84,17.37,82.21,5.81,0.21,5.98,4.12,0.0,4.13,5.74,2.62,8.36,130.7,28.3,159.0,2006.0
Bern,42.26,16.16,58.42,68.0,22.03,90.03,5.82,0.56,6.39,6.65,0.0,6.65,6.66,5.87,12.53,129.4,44.62,174.02,2006.0
Freiburg,44.78,14.61,59.39,67.41,16.2,83.6,5.01,0.04,5.05,2.63,0.0,2.63,4.91,1.26,6.17,124.73,32.11,156.84,2006.0
Solothurn,51.91,3.59,55.5,68.92,5.35,74.27,5.05,0.05,5.11,4.59,0.0,4.6,8.48,1.62,10.1,138.96,10.62,149.57,2006.0
Neuenburg,90.05,2.31,92.36,33.44,1.84,35.28,8.58,0.17,8.75,3.39,0.0,3.39,4.86,1.77,6.63,140.33,6.09,146.42,2006.0
Jura,22.06,3.75,25.81,86.41,41.43,127.84,4.59,0.0,4.59,3.36,0.0,3.36,3.77,2.57,6.34,120.19,47.75,167.94,2006.0
Nordwestschweiz,69.61,3.98,73.59,41.36,5.69,47.05,6.46,0.33,6.79,6.22,0.05,6.27,18.34,4.64,22.98,142.0,14.7,156.7,2006.0
Basel-Stadt,75.64,8.25,83.88,45.4,8.54,53.94,10.19,0.89,11.08,6.64,0.11,6.76,28.52,4.97,33.49,166.4,22.76,189.2,2006.0
Basel-Landschaft,80.23,2.79,83.02,32.68,1.22,33.89,5.08,0.07,5.15,5.98,0.04,6.02,15.92,6.97,22.89,139.9,11.08,151.0,2006.0
Aargau,52.96,0.91,53.87,46.0,7.3,53.3,4.1,0.03,4.13,6.03,0.0,6.03,10.57,1.98,12.55,119.7,10.22,129.9,2006.0
Zürich,49.9,9.8,59.8,51.0,13.2,64.1,6.5,0.0,6.5,5.9,0.0,5.9,10.9,2.8,13.7,124.1,25.8,149.9,2006.0
Ostschweiz,32.63,1.17,33.8,65.57,7.91,73.48,4.82,0.07,4.85,6.5,0.0,6.5,12.46,2.13,14.59,122.0,11.3,133.2,2006.0
Glarus,13.58,1.23,14.81,92.76,33.72,126.47,1.89,0.0,1.89,9.46,0.0,9.46,6.11,0.68,6.79,123.8,35.63,159.43,2006.0
Schaffhausen,12.04,2.38,14.43,69.24,18.17,87.4,6.85,0.0,6.85,4.71,0.0,4.71,14.35,4.38,18.72,107.19,24.93,132.12,2006.0
Appenzell A. Rh.,22.15,0.3,22.46,77.46,0.3,77.76,4.7,0.0,4.7,6.13,0.0,6.13,11.97,3.67,15.64,122.41,4.28,126.7,2006.0
Appenzell I. Rh.,19.72,0.13,19.85,83.35,0.26,83.61,3.15,0.0,3.15,4.85,0.0,4.85,8.19,2.03,10.22,119.26,2.42,121.68,2006.0
St. Gallen,40.54,0.54,41.08,62.93,1.32,64.25,5.01,0.01,5.02,7.91,0.0,7.92,13.25,2.23,15.48,129.65,4.1,133.74,2006.0
Graubünden,44.76,0.69,45.45,60.57,0.39,60.96,5.08,0.05,5.13,4.23,0.0,4.23,21.33,0.29,21.63,135.97,1.43,137.4,2006.0
Thurgau,75.61,2.94,78.54,12.71,1.2,13.92,7.05,0.16,7.2,8.2,0.0,8.2,12.01,1.62,13.63,115.57,5.92,121.49,2006.0
Zentralschweiz,23.11,0.73,23.84,76.47,6.49,82.96,3.08,0.03,3.08,5.48,,5.48,4.84,0.22,5.06,113.0,7.5,120.4,2006.0
Luzern,48.55,0.44,48.99,45.64,13.07,58.7,4.58,0.0,4.58,5.49,0.0,5.49,5.47,0.2,5.67,109.73,13.7,123.43,2006.0
Uri,16.47,0.6,17.07,80.36,1.11,81.47,3.03,0.0,3.03,4.42,0.0,4.42,2.83,0.2,3.03,107.11,1.91,109.02,2006.0
Schwyz,17.19,1.49,18.68,92.23,12.36,104.59,3.61,0.0,3.61,6.31,0.0,6.31,5.96,0.33,6.3,125.31,14.19,139.49,2006.0
Obwalden,21.64,0.45,22.09,79.9,3.73,83.63,1.25,0.03,1.28,4.89,0.0,4.89,5.97,0.27,6.24,113.65,4.48,118.13,2006.0
Nidwalden,20.05,0.38,20.42,77.38,7.14,84.52,1.7,0.0,1.7,5.61,0.0,5.61,4.74,0.15,4.89,109.48,7.67,117.15,2006.0
Zug,14.77,1.03,15.8,83.29,1.53,84.82,4.28,0.0,4.28,6.15,0.0,6.15,4.08,0.15,4.23,112.57,2.71,115.27,2006.0
Tessin,48.86,5.77,54.63,70.88,7.34,78.21,5.23,0.53,5.75,6.05,,6.05,14.31,4.39,18.71,145.32,18.03,163.35,2006.0
Total,58.59,8.25,64.56,49.51,9.82,57.52,5.76,0.42,5.76,6.76,0.01,6.76,11.11,3.45,14.32,131.91,21.95,153.86,2007.0
Genferseeregion,66.76,18.78,85.53,36.45,11.12,47.57,5.94,1.54,7.47,7.35,0.01,7.35,12.12,3.66,15.79,128.6,35.1,163.7,2007.0
Waadt,47.57,15.82,63.4,54.39,24.98,79.37,5.55,0.01,5.56,9.35,0.01,9.36,7.49,7.14,14.63,124.35,47.96,172.31,2007.0
Wallis,82.59,18.49,101.07,22.65,4.62,27.26,5.1,0.01,5.11,6.49,,6.49,10.61,1.22,11.82,127.43,24.33,151.77,2007.0
Genf,70.12,22.02,92.14,32.31,3.77,36.09,7.17,4.58,11.75,6.19,0.0,6.19,18.28,2.64,20.92,134.07,33.02,167.08,2007.0
Espace Mittelland,63.77,5.78,69.55,48.96,7.22,56.18,6.1,0.19,6.3,8.6,0.0,8.6,5.39,3.24,8.63,132.2,16.4,148.7,2007.0
Bern,68.38,16.55,84.93,47.83,13.1,60.93,5.88,0.83,6.72,6.65,0.0,6.65,7.08,6.04,13.12,135.82,36.52,172.34,2007.0
Freiburg,46.0,3.35,49.35,69.89,12.12,82.01,4.95,0.06,5.01,3.75,0.0,3.75,2.7,1.7,4.4,127.29,17.24,144.52,2007.0
Solothurn,88.62,3.3,91.92,29.18,4.59,33.77,5.33,0.05,5.38,4.62,0.0,4.62,9.5,2.05,11.56,137.25,10.0,147.25,2007.0
Neuenburg,94.18,2.45,96.63,15.63,2.12,17.74,8.94,0.01,8.95,12.18,0.0,12.18,4.17,1.96,6.14,135.1,6.54,141.65,2007.0
Jura,21.67,3.25,24.92,82.29,4.17,86.46,5.41,0.01,5.43,15.77,0.0,15.77,3.51,4.45,7.96,128.65,11.89,140.54,2007.0
Nordwestschweiz,73.19,3.59,76.78,35.36,4.12,39.48,6.23,0.36,6.59,6.25,0.06,6.31,24.76,7.1,31.86,145.8,15.2,161.0,2007.0
Basel-Stadt,75.9,7.16,83.06,34.56,3.12,37.68,9.23,0.89,10.13,6.75,0.13,6.88,39.3,11.07,50.36,165.74,22.37,188.1,2007.0
Basel-Landschaft,86.87,2.72,89.6,23.19,0.81,23.99,5.21,0.19,5.4,6.03,0.04,6.08,24.04,8.67,32.71,145.35,12.44,157.78,2007.0
Aargau,56.78,0.9,57.68,48.35,8.42,56.77,4.23,0.01,4.24,5.96,0.01,5.97,10.94,1.56,12.5,126.27,10.9,137.16,2007.0
Zürich,53.91,7.83,61.74,53.93,11.78,65.7,6.76,0.0,6.76,6.85,0.0,6.85,6.76,2.95,14.3,132.8,22.56,155.36,2007.0
Ostschweiz,39.93,1.37,41.3,63.8,3.6,67.4,5.34,0.07,5.38,6.51,0.0,6.51,11.24,1.99,13.23,126.8,7.0,133.8,2007.0
Glarus,15.27,0.89,16.16,94.67,1.1,95.77,3.09,0.0,3.09,8.51,0.0,8.51,5.19,0.45,5.63,126.73,2.44,129.16,2007.0
Schaffhausen,13.91,1.4,15.31,67.23,19.66,86.9,7.1,0.0,7.1,4.56,0.0,4.56,11.52,3.65,15.17,104.32,24.72,129.04,2007.0
Appenzell A. Rh.,25.93,0.13,26.06,82.79,0.06,82.86,3.18,0.0,3.18,3.44,0.0,3.44,9.75,1.62,11.37,125.1,1.82,126.92,2007.0
Appenzell I. Rh.,27.17,0.19,27.36,77.02,0.17,77.19,5.15,0.02,5.17,4.89,0.0,4.89,14.68,4.16,18.84,128.91,4.54,133.46,2007.0
St. Gallen,51.06,0.65,51.71,57.67,1.03,58.7,5.26,0.01,5.27,6.45,0.0,6.45,14.83,2.09,16.92,135.27,3.78,139.05,2007.0
Graubünden,64.86,1.11,65.97,53.53,1.81,55.34,5.86,0.01,5.86,8.29,0.01,8.29,9.12,0.37,9.49,141.65,3.3,144.95,2007.0
Thurgau,81.33,5.22,86.55,13.72,1.35,15.06,7.72,0.24,7.95,9.43,0.0,9.43,13.56,1.61,15.17,125.75,8.41,134.16,2007.0
Zentralschweiz,24.21,0.75,24.96,82.33,13.38,95.71,3.34,0.01,3.34,5.91,0.0,5.91,4.41,0.28,4.69,120.2,14.4,134.6,2007.0
Luzern,48.5,0.39,48.89,47.53,16.13,63.65,4.71,0.0,4.71,5.66,0.0,5.66,5.31,0.17,5.48,111.71,16.69,128.4,2007.0
Uri,19.81,0.37,20.18,93.48,23.7,117.18,3.43,0.0,3.43,4.6,0.0,4.6,2.8,0.11,2.92,124.13,24.19,148.32,2007.0
Schwyz,17.12,1.47,18.59,96.41,13.67,110.08,3.86,0.0,3.86,6.34,0.0,6.34,5.71,0.51,6.22,129.44,15.65,145.09,2007.0
Obwalden,22.73,0.62,23.35,86.33,5.82,92.14,2.07,0.0,2.07,6.47,0.0,6.47,3.87,0.27,4.13,121.46,6.7,128.16,2007.0
Nidwalden,20.22,0.5,20.72,82.27,10.09,92.36,1.34,0.0,1.34,5.48,0.0,5.48,4.28,0.3,4.58,113.6,10.88,124.49,2007.0
Zug,16.87,1.15,18.02,87.99,10.87,98.86,4.62,0.01,4.62,6.92,0.0,6.92,4.46,0.35,4.81,120.85,12.38,133.23,2007.0
Tessin,49.3,9.98,59.28,70.49,9.23,79.72,5.05,0.16,5.21,5.02,0.0,5.02,15.11,3.57,18.68,144.97,22.94,167.9,2007.0
Total,67.67,8.46,61.59,57.86,9.75,49.99,6.38,0.68,5.98,6.88,0.01,6.88,14.18,3.46,10.91,141.6,19.6,126.6,2008.0
Genferseeregion,68.43,19.2,87.63,36.55,11.72,48.27,6.04,1.79,7.83,7.94,0.02,7.95,11.17,4.02,15.2,130.1,36.8,166.9,2008.0
Waadt,49.54,16.14,65.68,53.9,26.63,80.54,5.56,0.03,5.59,10.5,0.02,10.53,4.69,7.2,11.89,124.2,50.02,174.22,2008.0
Wallis,83.86,18.93,102.79,23.69,4.79,28.48,5.14,0.02,5.16,6.75,0.0,6.75,10.45,1.34,11.8,129.89,25.09,154.99,2008.0
Genf,71.88,22.54,94.42,32.06,3.74,35.8,7.41,5.33,12.74,6.57,0.0,6.57,18.38,3.54,21.91,136.3,35.14,171.44,2008.0
Espace Mittelland,64.89,6.01,70.91,49.81,7.47,57.29,6.22,0.29,6.39,8.61,0.01,8.62,5.15,3.49,8.63,134.69,17.152,151.838,2008.0
Bern,69.17,16.83,86.0,49.35,13.16,62.51,5.82,0.79,6.61,6.15,0.0,6.15,7.41,6.29,13.7,137.9,37.07,174.97,2008.0
Freiburg,46.44,3.4,49.84,69.84,12.13,81.97,5.39,0.02,5.41,3.93,0.0,3.93,2.47,1.74,4.21,128.08,17.29,145.36,2008.0
Solothurn,100.25,3.76,104.01,29.88,4.37,34.26,5.41,0.06,5.46,4.55,0.0,4.56,9.29,2.16,11.45,149.38,10.35,159.74,2008.0
Neuenburg,87.46,3.0,90.46,15.64,2.36,18.0,8.65,0.0,8.65,12.92,0.0,12.92,3.43,1.26,4.69,128.11,6.63,134.73,2008.0
Jura,21.15,3.08,24.23,84.34,5.35,89.7,5.83,0.0,5.83,15.51,0.01,15.53,3.14,5.97,9.11,129.98,14.42,144.39,2008.0
Nordwestschweiz,75.04,4.01,79.06,36.48,3.86,40.34,6.2,0.37,6.57,6.23,0.06,6.3,25.28,7.54,32.82,149.24,15.85,165.08,2008.0
Basel-Stadt,77.15,8.18,85.33,35.81,2.86,38.67,8.0,0.77,8.77,6.58,0.13,6.71,39.31,11.68,51.0,166.86,23.62,190.48,2008.0
Basel-Landschaft,88.19,2.92,91.12,23.39,0.78,24.17,6.03,0.15,6.18,6.07,0.05,6.12,24.76,9.16,33.92,148.45,13.07,161.51,2008.0
Aargau,59.79,0.94,60.73,50.23,7.94,58.17,4.57,0.19,4.76,6.05,0.0,6.05,11.78,1.77,13.55,132.41,10.85,143.26,2008.0
Zürich,56.38,8.5,64.87,55.84,11.42,67.27,7.67,1.28,8.94,6.79,0.0,6.79,11.75,2.57,14.33,138.43,23.77,162.2,2008.0
Ostschweiz,48.25,1.16,49.41,68.84,3.55,72.39,5.79,0.08,5.84,6.77,0.04,6.79,10.79,1.38,12.17,140.45,6.15,146.6,2008.0
Glarus,17.08,0.94,18.02,102.21,0.86,103.08,3.88,0.0,3.88,8.51,0.0,8.51,4.72,0.47,5.19,136.39,2.28,138.67,2008.0
Schaffhausen,14.88,1.85,16.72,67.36,20.11,87.46,7.53,0.01,7.55,4.69,0.0,4.69,11.27,1.02,12.29,105.72,22.99,128.71,2008.0
Appenzell A. Rh.,33.62,0.29,33.91,85.74,0.08,85.82,5.86,0.02,5.88,5.36,0.04,5.4,13.56,3.44,17.0,144.14,3.86,148.0,2008.0
Appenzell I. Rh.,74.73,0.65,75.38,94.23,0.19,94.42,3.96,0.0,3.96,4.87,0.0,4.87,10.33,0.65,10.98,188.13,1.49,189.63,2008.0
St. Gallen,50.11,0.52,50.63,63.06,1.04,64.09,5.41,0.03,5.44,6.53,0.01,6.55,12.35,2.07,14.42,137.47,3.67,141.13,2008.0
Graubünden,64.85,1.21,66.07,54.59,1.55,56.15,6.06,0.0,6.06,8.07,0.0,8.07,10.04,0.32,10.36,143.62,3.09,146.71,2008.0
Thurgau,82.45,2.68,85.13,14.72,1.01,15.73,7.85,0.24,8.1,9.38,0.06,9.44,13.29,1.67,14.96,127.69,5.67,133.35,2008.0
Zentralschweiz,29.95,0.68,30.63,80.36,13.15,93.52,3.21,0.02,3.22,5.54,0.0,5.54,4.56,0.26,4.82,123.625,14.11,137.735,2008.0
Luzern,77.25,0.34,77.59,24.92,12.66,37.58,4.45,0.01,4.46,5.9,0.0,5.9,5.77,0.15,5.92,118.29,13.16,131.44,2008.0
Uri,18.3,0.34,18.64,93.28,23.93,117.21,3.46,0.0,3.46,4.2,0.0,4.2,3.17,0.17,3.34,122.42,24.44,146.86,2008.0
Schwyz,18.89,1.39,20.29,99.93,13.45,113.38,3.8,0.03,3.82,6.1,0.0,6.1,5.6,0.41,6.01,134.31,15.28,149.6,2008.0
Obwalden,25.57,0.56,26.13,89.63,5.99,95.63,1.39,0.03,1.42,5.58,0.0,5.58,3.57,0.21,3.78,125.74,6.79,132.53,2008.0
Nidwalden,21.12,0.45,21.57,85.01,11.63,96.64,1.22,0.0,1.22,5.38,0.0,5.38,5.13,0.35,5.48,117.86,12.43,130.29,2008.0
Zug,18.6,0.98,19.58,89.4,11.27,100.67,4.93,0.02,4.95,6.09,0.0,6.09,4.11,0.3,4.4,123.13,12.56,135.69,2008.0
Tessin,50.33,10.26,60.59,73.71,10.19,83.9,4.85,0.0,4.85,4.91,0.04,4.95,15.07,2.63,17.7,148.87,23.12,171.99,2008.0
Total,60.56,0.0,60.56,48.89,0.0,48.89,5.84,0.0,5.84,6.7,0.0,6.7,10.84,0.0,10.84,132.96,0.0,132.96,2009.0
Genferseeregion,66.72,,66.72,36.2,,36.2,5.66,,5.66,7.59,,7.59,10.61,,10.61,126.78333333333335,,126.78,2009.0
Waadt,50.42,,50.42,52.63,,52.63,5.3,,5.3,9.79,,9.79,4.19,,4.19,122.34,,122.34,2009.0
Wallis,80.64,,80.64,24.34,,24.34,4.89,,4.89,6.49,,6.49,9.85,,9.85,126.21,,126.21,2009.0
Genf,69.09,,69.09,31.63,,31.63,6.8,,6.8,6.5,,6.5,17.78,,17.78,131.8,,131.8,2009.0
Espace Mittelland,62.26,,62.26,48.96,,48.96,6.14,,6.14,8.11,,8.11,5.33,,5.33,130.8,,130.8,2009.0
Bern,70.88,,70.88,48.67,,48.67,5.86,,5.86,5.98,,5.98,7.33,,7.33,138.72,,138.72,2009.0
Freiburg,46.29,,46.29,68.26,,68.26,5.71,,5.71,3.54,,3.54,2.63,,2.63,126.43,,126.43,2009.0
Solothurn,87.06,,87.06,28.68,,28.68,5.63,,5.63,4.32,,4.32,9.6,,9.6,135.28,,135.28,2009.0
Neuenburg,83.86,,83.86,15.3,,15.3,8.32,,8.32,12.65,,12.65,3.31,,3.31,123.44,,123.44,2009.0
Jura,23.21,,23.21,83.88,,83.88,5.16,,5.16,14.09,,14.09,3.8,,3.8,130.13,,130.13,2009.0
Nordwestschweiz,74.89,0.0,74.89,35.03,0.0,35.03,6.13,0.0,6.13,6.03,0.0,6.03,25.3,0.0,25.3,147.37,0.0,147.37,2009.0
Basel-Stadt,77.54,0.0,77.54,33.69,0.0,33.69,8.17,0.0,8.17,6.35,0.0,6.35,39.29,0.0,39.29,165.03,0.0,165.03,2009.0
Basel-Landschaft,87.84,0.0,87.84,22.49,0.0,22.49,5.57,0.0,5.57,5.8,0.0,5.8,25.1,0.0,25.1,146.79,0.0,146.79,2009.0
Aargau,59.28,0.0,59.28,48.92,0.0,48.92,4.64,0.0,4.64,5.94,0.0,5.94,11.51,0.0,11.51,130.29,0.0,130.29,2009.0
Zürich,54.6,0.0,54.6,54.73,0.0,54.73,7.22,0.0,7.22,6.71,0.0,6.71,11.22,0.0,11.22,134.49,0.0,134.49,2009.0
Ostschweiz,40.7,0.0,40.7,67.25,0.0,67.25,5.21,0.0,5.21,6.92,0.0,6.92,11.41,0.0,11.41,131.49285714285716,0.0,131.49,2009.0
Glarus,16.7,0.0,16.7,103.67,0.0,103.67,3.43,0.0,3.43,9.18,0.0,9.18,4.99,0.0,4.99,137.98,0.0,137.98,2009.0
Schaffhausen,14.86,0.0,14.86,65.06,0.0,65.06,6.46,0.0,6.46,5.51,0.0,5.51,13.02,0.0,13.02,104.92,0.0,104.92,2009.0
Appenzell A. Rh.,28.33,0.0,28.33,80.31,0.0,80.31,5.09,0.0,5.09,4.99,0.0,4.99,14.68,0.0,14.68,133.4,0.0,133.4,2009.0
Appenzell I. Rh.,24.34,0.0,24.34,91.67,0.0,91.67,2.75,0.0,2.75,4.87,0.0,4.87,9.74,0.0,9.74,133.38,0.0,133.38,2009.0
St. Gallen,52.91,0.0,52.91,61.92,0.0,61.92,5.63,0.0,5.63,6.64,0.0,6.64,14.58,0.0,14.58,141.68,0.0,141.68,2009.0
Graubünden,64.57,0.0,64.57,53.82,0.0,53.82,5.72,0.0,5.72,8.29,0.0,8.29,9.82,0.0,9.82,142.22,0.0,142.22,2009.0
Thurgau,83.18,0.0,83.18,14.3,0.0,14.3,7.4,0.0,7.4,8.94,0.0,8.94,13.04,0.0,13.04,126.87,0.0,126.87,2009.0
Zentralschweiz,28.93,0.0,28.93,79.89,0.0,79.89,3.58,0.0,3.58,5.74,0.0,5.74,4.32,0.0,4.32,122.44833333333334,0.0,122.45,2009.0
Luzern,72.23,0.0,72.23,24.41,0.0,24.41,4.84,0.0,4.84,5.31,0.0,5.31,5.67,0.0,5.67,112.46,0.0,112.46,2009.0
Uri,18.89,0.0,18.89,93.36,0.0,93.36,4.0,0.0,4.0,4.82,0.0,4.82,2.89,0.0,2.89,123.96,0.0,123.96,2009.0
Schwyz,18.23,0.0,18.23,98.96,0.0,98.96,4.24,0.0,4.24,6.15,0.0,6.15,5.29,0.0,5.29,132.87,0.0,132.87,2009.0
Obwalden,23.96,0.0,23.96,89.68,0.0,89.68,1.61,0.0,1.61,6.02,0.0,6.02,3.37,0.0,3.37,124.64,0.0,124.64,2009.0
Nidwalden,21.66,0.0,21.66,84.54,0.0,84.54,1.62,0.0,1.62,5.96,0.0,5.96,4.51,0.0,4.51,118.3,0.0,118.3,2009.0
Zug,18.6,0.0,18.6,88.39,0.0,88.39,5.14,0.0,5.14,6.17,0.0,6.17,4.17,0.0,4.17,122.46,0.0,122.46,2009.0
Tessin,51.53,0.0,51.53,70.28,0.0,70.28,4.68,0.0,4.68,5.15,0.0,5.15,15.24,0.0,15.24,146.88,0.0,146.88,2009.0
Total,64.6955948,0.0,64.6955948,45.9293323,0.0,45.9293323,4.69255034,0.0,4.69255034,5.20588341,0.0,5.20588341,9.80199321,0.0,9.80199321,130.32535406,0.0,130.32535406,2010.0
Genferseeregion,68.821444,0.0,68.821444,36.5954923,0.0,36.5954923,0.88361372,0.0,0.88361372,3.50547288,0.0,3.50547288,4.58454653,0.0,4.58454653,114.39056943,0.0,114.39056943,2010.0
Waadt,53.0534249,0.0,53.0534249,51.6921101,0.0,51.6921101,1.17765649,0.0,1.17765649,3.5469892,0.0,3.5469892,4.15684702,0.0,4.15684702,113.62702771000001,0.0,113.62702771000001,2010.0
Wallis,98.7226721,0.0,98.7226721,8.22555679,0.0,8.22555679,0.19188702,0.0,0.19188702,2.74398434,0.0,2.74398434,2.32822914,0.0,2.32822914,112.21232939,0.0,112.21232939,2010.0
Genf,72.9668025,0.0,72.9668025,32.4503239,0.0,32.4503239,0.89793867,0.0,0.89793867,3.96098009,0.0,3.96098009,6.79243634,0.0,6.79243634,117.0684815,0.0,117.0684815,2010.0
Espace Mittelland,72.1964395,0.0,72.1964395,43.3030547,0.0,43.3030547,5.41038995,0.0,5.41038995,4.44268256,0.0,4.44268256,6.77907793,0.0,6.77907793,132.13164464,0.0,132.13164464,2010.0
Bern,71.4593357,0.0,71.4593357,49.1721797,0.0,49.1721797,5.99406819,0.0,5.99406819,5.69196634,0.0,5.69196634,7.99141051,0.0,7.99141051,140.30896044,0.0,140.30896044,2010.0
Freiburg,67.7359934,0.0,67.7359934,41.2469972,0.0,41.2469972,5.85292988,0.0,5.85292988,1.79537726,0.0,1.79537726,2.40221478,0.0,2.40221478,119.03351251999999,0.0,119.03351251999999,2010.0
Solothurn,85.5282744,0.0,85.5282744,28.9442347,0.0,28.9442347,1.61780605,0.0,1.61780605,4.1600727,0.0,4.1600727,10.043716,0.0,10.043716,130.29410385,0.0,130.29410385,2010.0
Neuenburg,83.1217131,0.0,83.1217131,14.6555481,0.0,14.6555481,6.38637882,0.0,6.38637882,2.36511027,0.0,2.36511027,3.4343493,0.0,3.4343493,109.96309959,0.0,109.96309959,2010.0
Jura,24.8029472,0.0,24.8029472,92.1007539,0.0,92.1007539,6.91112634,0.0,6.91112634,3.62691341,0.0,3.62691341,3.54123829,0.0,3.54123829,130.98297914,0.0,130.98297914,2010.0
Nordwestschweiz,71.1510805,0.0,71.1510805,39.2988551,0.0,39.2988551,5.66761921,0.0,5.66761921,5.6601483,0.0,5.6601483,18.926617,0.0,18.926617,140.70432011,0.0,140.70432011,2010.0
Basel-Stadt,80.7407407,0.0,80.7407407,31.278724,0.0,31.278724,8.58610435,0.0,8.58610435,6.37469586,0.0,6.37469586,41.3679373,0.0,41.3679373,168.34820221,0.0,168.34820221,2010.0
Basel-Landschaft,88.1619801,0.0,88.1619801,22.5652687,0.0,22.5652687,5.87454993,0.0,5.87454993,5.48825819,0.0,5.48825819,24.8720864,0.0,24.8720864,146.96214332,0.0,146.96214332,2010.0
Aargau,60.6166165,0.0,60.6166165,49.2341357,0.0,49.2341357,4.6920025,0.0,4.6920025,5.52115735,0.0,5.52115735,9.47068193,0.0,9.47068193,129.53459398,0.0,129.53459398,2010.0
Zürich,56.2739791,0.0,56.2739791,53.7256713,0.0,53.7256713,6.59253584,0.0,6.59253584,6.6551693,0.0,6.6551693,10.7088651,0.0,10.7088651,133.95622064,0.0,133.95622064,2010.0
Ostschweiz,56.8500083,0.0,56.8500083,52.9130397,0.0,52.9130397,5.60780181,0.0,5.60780181,7.30219338,0.0,7.30219338,13.2497796,0.0,13.2497796,135.92282279,0.0,135.92282279,2010.0
Glarus,17.5093245,0.0,17.5093245,102.46581,0.0,102.46581,3.26357232,0.0,3.26357232,7.89991712,0.0,7.89991712,4.66224617,0.0,4.66224617,135.80087011,0.0,135.80087011,2010.0
Schaffhausen,15.4801194,0.0,15.4801194,81.6438787,0.0,81.6438787,1.80732359,0.0,1.80732359,5.78867411,0.0,5.78867411,15.349154,0.0,15.349154,120.06914979999999,0.0,120.06914979999999,2010.0
Appenzell A. Rh.,27.4628893,0.0,27.4628893,79.5405247,0.0,79.5405247,5.52652923,0.0,5.52652923,5.16815361,0.0,5.16815361,14.5990909,0.0,14.5990909,132.29718774,0.0,132.29718774,2010.0
Appenzell I. Rh.,26.5808261,0.0,26.5808261,90.5150433,0.0,90.5150433,3.12340643,0.0,3.12340643,4.07955125,0.0,4.07955125,9.62519123,0.0,9.62519123,133.92401831,0.0,133.92401831,2010.0
St. Gallen,53.0144684,0.0,53.0144684,60.8552391,0.0,60.8552391,5.59398798,0.0,5.59398798,6.10765765,0.0,6.10765765,14.7669589,0.0,14.7669589,140.33831203,0.0,140.33831203,2010.0
Graubünden,64.3543539,0.0,64.3543539,52.6058945,0.0,52.6058945,5.96508169,0.0,5.96508169,8.51932032,0.0,8.51932032,10.0196759,0.0,10.0196759,141.46432631000002,0.0,141.46432631000002,2010.0
Thurgau,85.4357521,0.0,85.4357521,13.254496,0.0,13.254496,7.06396613,0.0,7.06396613,9.69232503,0.0,9.69232503,13.4597736,0.0,13.4597736,128.90631286,0.0,128.90631286,2010.0
Zentralschweiz,48.2483762,0.0,48.2483762,58.4154796,0.0,58.4154796,4.19092806,0.0,4.19092806,5.16761044,0.0,5.16761044,4.95946501,0.0,4.95946501,120.98185931,0.0,120.98185931,2010.0
Luzern,76.2718148,0.0,76.2718148,25.2562167,0.0,25.2562167,4.70591351,0.0,4.70591351,4.70856174,0.0,4.70856174,5.44212283,0.0,5.44212283,116.38462958000001,0.0,116.38462958000001,2010.0
Uri,21.5685167,0.0,21.5685167,95.8161594,0.0,95.8161594,3.952346,0.0,3.952346,4.99689459,0.0,4.99689459,3.21833889,0.0,3.21833889,129.55225558,0.0,129.55225558,2010.0
Schwyz,18.346623,0.0,18.346623,97.2057521,0.0,97.2057521,3.79608805,0.0,3.79608805,5.7861378,0.0,5.7861378,5.5407892,0.0,5.5407892,130.67539015,0.0,130.67539015,2010.0
Obwalden,24.4204019,0.0,24.4204019,83.0125053,0.0,83.0125053,1.6861037,0.0,1.6861037,5.28312491,0.0,5.28312491,3.23169875,0.0,3.23169875,117.63383456000001,0.0,117.63383456000001,2010.0
Nidwalden,21.1339704,0.0,21.1339704,85.3159126,0.0,85.3159126,1.70631825,0.0,1.70631825,4.77769111,0.0,4.77769111,4.41205148,0.0,4.41205148,117.34594384,0.0,117.34594384,2010.0
Zug,19.1680297,0.0,19.1680297,89.5893197,0.0,89.5893197,4.74780072,0.0,4.74780072,6.05631935,0.0,6.05631935,3.88134919,0.0,3.88134919,123.44281866,0.0,123.44281866,2010.0
Tessin,83.7086109,0.0,83.7086109,39.3045156,0.0,39.3045156,5.00370034,0.0,5.00370034,2.51383508,0.0,2.51383508,15.3646559,0.0,15.3646559,145.89531782,0.0,145.89531782,2010.0
Total,64.4775353,0.0,64.4723811,45.9672579,0.0,45.9672579,4.9249107,0.0,4.9249107,5.18174122,0.0,5.18174122,9.70261213,0.0,9.70261213,130.25405725,0.0,130.25405725,2011.0
Genferseeregion,68.6185567,0.0,68.6185567,35.9906884,0.0,35.9906884,0.85866312,0.0,0.85866312,3.54439641,0.0,3.54439641,4.3658131,0.0,4.3658131,113.37811773000001,0.0,113.37811773000001,2011.0
Waadt,53.1005146,0.0,53.1005146,50.7008805,0.0,50.7008805,1.13782881,0.0,1.13782881,3.5911861,0.0,3.5911861,3.74546797,0.0,3.74546797,112.27587797999999,0.0,112.27587797999999,2011.0
Wallis,99.0688343,0.0,99.0688343,8.04045145,0.0,8.04045145,0.24603971,0.0,0.24603971,2.89569809,0.0,2.89569809,2.38153819,0.0,2.38153819,112.63256174000001,0.0,112.63256174000001,2011.0
Genf,72.1184538,0.0,72.1184538,32.0432368,0.0,32.0432368,0.84032884,0.0,0.84032884,3.91719178,0.0,3.91719178,6.70960233,0.0,6.70960233,115.62881354999999,0.0,115.62881354999999,2011.0
Espace Mittelland,71.5979008,0.0,71.5758723,43.3019342,0.0,43.3019342,5.50996397,0.0,5.50996397,4.34809868,0.0,4.34809868,6.8734753,0.0,6.8734753,131.63137294999999,0.0,131.63137294999999,2011.0
Bern,70.590612,0.0,70.590612,49.5215452,0.0,49.5215452,5.93576341,0.0,5.93576341,5.71242358,0.0,5.71242358,7.93262447,0.0,7.93262447,139.69296866,0.0,139.69296866,2011.0
Freiburg,65.7994576,0.0,65.7994576,41.7644414,0.0,41.7644414,5.94376607,0.0,5.94376607,1.61240463,0.0,1.61240463,2.63464808,0.0,2.63464808,117.75471778,0.0,117.75471778,2011.0
Solothurn,86.766022,0.0,86.6142651,27.4485389,0.0,27.4485389,1.79773532,0.0,1.79773532,3.73944511,0.0,3.73944511,10.9342776,0.0,10.9342776,130.68601893000002,0.0,130.68601893000002,2011.0
Neuenburg,83.7264628,0.0,83.7264628,14.8859877,0.0,14.8859877,7.51805893,0.0,7.51805893,2.23463042,0.0,2.23463042,3.04302385,0.0,3.04302385,111.40816369999999,0.0,111.40816369999999,2011.0
Jura,24.0282385,0.0,24.0282385,90.1732301,0.0,90.1732301,6.40753027,0.0,6.40753027,3.74245131,0.0,3.74245131,3.79915511,0.0,3.79915511,128.15060529,0.0,128.15060529,2011.0
Nordwestschweiz,71.3224121,0.0,71.3205601,40.3162107,0.0,40.3162107,6.26994952,0.0,6.26994952,5.55878112,0.0,5.55878112,19.1413568,0.0,19.1413568,142.60871024,0.0,142.60871024,2011.0
Basel-Stadt,79.7240343,0.0,79.7186653,31.4998255,0.0,31.4998255,11.2641271,0.0,11.2641271,6.13674801,0.0,6.13674801,41.8351185,0.0,41.8351185,170.45985341,0.0,170.45985341,2011.0
Basel-Landschaft,88.8436955,0.0,88.8400639,23.1224579,0.0,23.1224579,6.10473562,0.0,6.10473562,5.63262638,0.0,5.63262638,24.981842,0.0,24.981842,148.6853574,0.0,148.6853574,2011.0
Aargau,60.9883907,0.0,60.9883907,50.6293082,0.0,50.6293082,4.83909054,0.0,4.83909054,5.3517883,0.0,5.3517883,9.70405856,0.0,9.70405856,131.5126363,0.0,131.5126363,2011.0
Zürich,56.5500045,0.0,56.5500045,52.5963878,0.0,52.5963878,6.9599453,0.0,6.9599453,6.6784162,0.0,6.6784162,10.8970437,0.0,10.8970437,133.68179750000002,0.0,133.68179750000002,2011.0
Ostschweiz,57.0521101,0.0,57.0521101,53.2035704,0.0,53.2035704,5.88457613,0.0,5.88457613,7.16652498,0.0,7.16652498,13.4308381,0.0,13.4308381,136.73761971,0.0,136.73761971,2011.0
Glarus,18.8183696,0.0,18.8183696,101.410103,0.0,101.410103,4.07986332,0.0,4.07986332,8.49121554,0.0,8.49121554,4.81933855,0.0,4.81933855,137.61889001,0.0,137.61889001,2011.0
Schaffhausen,16.9304762,0.0,16.9304762,84.8597985,0.0,84.8597985,2.00935973,0.0,2.00935973,5.54842557,0.0,5.54842557,14.9729709,0.0,14.9729709,124.32103090000001,0.0,124.32103090000001,2011.0
Appenzell A. Rh.,28.0231838,0.0,28.0231838,79.1926922,0.0,79.1926922,5.19573087,0.0,5.19573087,5.28951663,0.0,5.28951663,15.7747641,0.0,15.7747641,133.4758876,0.0,133.4758876,2011.0
Appenzell I. Rh.,32.7129518,0.0,32.7129518,88.9919329,0.0,88.9919329,3.11249444,0.0,3.11249444,4.89106269,0.0,4.89106269,9.33748333,0.0,9.33748333,139.04592516,0.0,139.04592516,2011.0
St. Gallen,52.1612067,0.0,52.1612067,61.5515486,0.0,61.5515486,5.64620951,0.0,5.64620951,6.06636366,0.0,6.06636366,15.2745697,0.0,15.2745697,140.69989817,0.0,140.69989817,2011.0
Graubünden,65.1798457,0.0,65.1798457,51.9525513,0.0,51.9525513,6.58779242,0.0,6.58779242,7.7771113,0.0,7.7771113,9.38527727,0.0,9.38527727,140.88257799,0.0,140.88257799,2011.0
Thurgau,86.0885889,0.0,86.0885889,13.2276077,0.0,13.2276077,7.5881146,0.0,7.5881146,9.63595306,0.0,9.63595306,13.6284443,0.0,13.6284443,130.16870856000003,0.0,130.16870856000003,2011.0
Zentralschweiz,46.4826177,0.0,46.4826177,57.9550975,0.0,57.9550975,4.51322153,0.0,4.51322153,5.36596828,0.0,5.36596828,5.87154413,0.0,5.87154413,120.18844914,0.0,120.18844914,2011.0
Luzern,72.2341779,0.0,72.2341779,25.2928271,0.0,25.2928271,5.04233361,0.0,5.04233361,4.7726761,0.0,4.7726761,6.88281156,0.0,6.88281156,114.22482627,0.0,114.22482627,2011.0
Uri,20.6036968,0.0,20.6036968,92.9003448,0.0,92.9003448,4.23944378,0.0,4.23944378,5.05906958,0.0,5.05906958,3.56113278,0.0,3.56113278,126.36368773999999,0.0,126.36368773999999,2011.0
Schwyz,19.566746,0.0,19.566746,95.460569,0.0,95.460569,4.35417568,0.0,4.35417568,6.26081783,0.0,6.26081783,5.6658373,0.0,5.6658373,131.30814580999998,0.0,131.30814580999998,2011.0
Obwalden,23.4638428,0.0,23.4638428,85.4953323,0.0,85.4953323,1.6720078,0.0,1.6720078,5.26682458,0.0,5.26682458,3.98495193,0.0,3.98495193,119.88295941,0.0,119.88295941,2011.0
Nidwalden,21.4954855,0.0,21.4954855,85.8367021,0.0,85.8367021,1.71867057,0.0,1.71867057,5.78538404,0.0,5.78538404,5.71276415,0.0,5.71276415,120.54900635999999,0.0,120.54900635999999,2011.0
Zug,19.7126077,0.0,19.7126077,88.8153322,0.0,88.8153322,4.93466778,0.0,4.93466778,6.15964693,0.0,6.15964693,4.1353906,0.0,4.1353906,123.75764520999999,0.0,123.75764520999999,2011.0
Tessin,84.4148714,0.0,84.4148714,44.3309402,0.0,44.3309402,5.02755659,0.0,5.02755659,2.49893899,0.0,2.49893899,9.482316,0.0,9.482316,145.75462317999998,0.0,145.75462317999998,2011.0
Total,66.5671111,0.0,66.5671111,44.2948554,0.0,44.2948554,5.07310556,0.0,5.07310556,5.27835344,0.0,5.27835344,9.84306623,0.0,9.84306623,131.05649173,0.0,131.05649173,2012.0
Genferseeregion,68.9413891,0.0,68.9413891,36.9039007,0.0,36.9039007,0.91364537,0.0,0.91364537,3.58612391,0.0,3.58612391,4.42077977,0.0,4.42077977,114.76583884999998,0.0,114.76583884999998,2012.0
Waadt,52.7727696,0.0,52.7727696,52.0265375,0.0,52.0265375,1.23781926,0.0,1.23781926,3.50102675,0.0,3.50102675,3.94359139,0.0,3.94359139,113.48174449999998,0.0,113.48174449999998,2012.0
Wallis,101.882934,0.0,101.882934,7.8357142,0.0,7.8357142,0.29838499,0.0,0.29838499,3.37858839,0.0,3.37858839,1.79963448,0.0,1.79963448,115.19525606,0.0,115.19525606,2012.0
Genf,71.6949434,0.0,71.6949434,33.1180455,0.0,33.1180455,0.82703341,0.0,0.82703341,3.86524754,0.0,3.86524754,6.99847334,0.0,6.99847334,116.50374319,0.0,116.50374319,2012.0
Espace Mittelland,80.7411263,0.0,80.7411263,35.8225192,0.0,35.8225192,5.25382786,0.0,5.25382786,4.50360048,0.0,4.50360048,5.22196277,0.0,5.22196277,131.54303661,0.0,131.54303661,2012.0
Bern,84.0908427,0.0,84.0908427,37.8272788,0.0,37.8272788,5.96101014,0.0,5.96101014,5.73836636,0.0,5.73836636,5.17218625,0.0,5.17218625,138.78968425,0.0,138.78968425,2012.0
Freiburg,68.3745431,0.0,68.3745431,40.1070712,0.0,40.1070712,5.65212169,0.0,5.65212169,1.65754388,0.0,1.65754388,1.48938726,0.0,1.48938726,117.28066713,0.0,117.28066713,2012.0
Solothurn,93.0643351,0.0,93.0643351,21.7291531,0.0,21.7291531,2.03252816,0.0,2.03252816,4.55101183,0.0,4.55101183,10.8877173,0.0,10.8877173,132.26474549,0.0,132.26474549,2012.0
Neuenburg,86.6093014,0.0,86.6093014,14.9581218,0.0,14.9581218,6.61686355,0.0,6.61686355,2.4462344,0.0,2.4462344,3.67794493,0.0,3.67794493,114.30846608,0.0,114.30846608,2012.0
Jura,25.1895915,0.0,25.1895915,93.0196499,0.0,93.0196499,2.14259536,0.0,2.14259536,3.80592597,0.0,3.80592597,4.34157481,0.0,4.34157481,128.49933754,0.0,128.49933754,2012.0
Nordwestschweiz,71.9571668,0.0,71.9571668,40.4196089,0.0,40.4196089,6.42810148,0.0,6.42810148,5.69136683,0.0,5.69136683,20.4223945,0.0,20.4223945,144.91863851,0.0,144.91863851,2012.0
Basel-Stadt,78.7888489,0.0,78.7888489,34.7712418,0.0,34.7712418,11.3858877,0.0,11.3858877,5.98105909,0.0,5.98105909,43.6494598,0.0,43.6494598,174.57649729000002,0.0,174.57649729000002,2012.0
Basel-Landschaft,91.5646008,0.0,91.5646008,19.8707587,0.0,19.8707587,5.99196491,0.0,5.99196491,5.62673349,0.0,5.62673349,27.316417,0.0,27.316417,150.37047489999998,0.0,150.37047489999998,2012.0
Aargau,61.2729939,0.0,61.2729939,51.1652374,0.0,51.1652374,5.13915899,0.0,5.13915899,5.63330889,0.0,5.63330889,10.4440973,0.0,10.4440973,133.65479648000002,0.0,133.65479648000002,2012.0
Zürich,56.6906271,0.0,56.6906271,51.6777594,0.0,51.6777594,7.42026516,0.0,7.42026516,6.56408072,0.0,6.56408072,11.7047371,0.0,11.7047371,134.05746947999998,0.0,134.05746947999998,2012.0
Ostschweiz,56.9712514,0.0,56.9712514,52.761838,0.0,52.761838,6.2749628,0.0,6.2749628,7.73179362,0.0,7.73179362,14.5424999,0.0,14.5424999,138.28234572,0.0,138.28234572,2012.0
Glarus,20.0665498,0.0,20.0665498,106.098707,0.0,106.098707,4.21651553,0.0,4.21651553,10.2872819,0.0,10.2872819,5.6643552,0.0,5.6643552,146.33340943000002,0.0,146.33340943000002,2012.0
Schaffhausen,17.4716182,0.0,17.4716182,82.3552049,0.0,82.3552049,2.1807453,0.0,2.1807453,6.1573985,0.0,6.1573985,15.8296453,0.0,15.8296453,123.9946122,0.0,123.9946122,2012.0
Appenzell A. Rh.,27.7705004,0.0,27.7705004,79.082301,0.0,79.082301,6.38122684,0.0,6.38122684,5.42684981,0.0,5.42684981,16.5986751,0.0,16.5986751,135.25955315000002,0.0,135.25955315000002,2012.0
Appenzell I. Rh.,29.2676719,0.0,29.2676719,80.167971,0.0,80.167971,2.73589107,0.0,2.73589107,6.807915,0.0,6.807915,11.0071897,0.0,11.0071897,129.98663867,0.0,129.98663867,2012.0
St. Gallen,51.6917834,0.0,51.6917834,61.2963495,0.0,61.2963495,6.08343941,0.0,6.08343941,6.77329282,0.0,6.77329282,17.0985094,0.0,17.0985094,142.94337453,0.0,142.94337453,2012.0
Graubünden,64.5369224,0.0,64.5369224,51.0158828,0.0,51.0158828,7.02351485,0.0,7.02351485,8.41584158,0.0,8.41584158,10.3290017,0.0,10.3290017,141.32116333,0.0,141.32116333,2012.0
Thurgau,86.7598443,0.0,86.7598443,13.4887769,0.0,13.4887769,7.82942318,0.0,7.82942318,9.65993139,0.0,9.65993139,13.633188,0.0,13.633188,131.37116377,0.0,131.37116377,2012.0
Zentralschweiz,45.7422125,0.0,45.7422125,58.7129298,0.0,58.7129298,4.90286325,0.0,4.90286325,5.20708885,0.0,5.20708885,6.03750723,0.0,6.03750723,120.60260163000001,0.0,120.60260163000001,2012.0
Luzern,71.0134117,0.0,71.0134117,26.2379495,0.0,26.2379495,5.5480442,0.0,5.5480442,4.76323683,0.0,4.76323683,6.98815278,0.0,6.98815278,114.55079501,0.0,114.55079501,2012.0
Uri,19.3035049,0.0,19.3035049,94.332222,0.0,94.332222,4.20250469,0.0,4.20250469,5.18308912,0.0,5.18308912,3.53010394,0.0,3.53010394,126.55142465000002,0.0,126.55142465000002,2012.0
Schwyz,19.4887539,0.0,19.4887539,95.5883334,0.0,95.5883334,4.56517386,0.0,4.56517386,5.86664887,0.0,5.86664887,5.88667156,0.0,5.88667156,131.39558159,0.0,131.39558159,2012.0
Obwalden,23.7020629,0.0,23.7020629,84.7016475,0.0,84.7016475,2.15976741,0.0,2.15976741,5.12252527,0.0,5.12252527,4.67949605,0.0,4.67949605,120.36549913,0.0,120.36549913,2012.0
Nidwalden,21.5467487,0.0,21.5467487,84.4074644,0.0,84.4074644,1.87572143,0.0,1.87572143,5.00192382,0.0,5.00192382,5.09811466,0.0,5.09811466,117.92997301,0.0,117.92997301,2012.0
Zug,19.3437701,0.0,19.3437701,90.7484452,0.0,90.7484452,5.34419901,0.0,5.34419901,5.93609264,0.0,5.93609264,4.60647652,0.0,4.60647652,125.97898347,0.0,125.97898347,2012.0
Tessin,83.5440741,0.0,83.5440741,43.2896632,0.0,43.2896632,5.04607027,0.0,5.04607027,2.32985611,0.0,2.32985611,9.75554073,0.0,9.75554073,143.96520441,0.0,143.96520441,2012.0
Total,77.9715936,0.0,77.9715936,31.8322784,0.0,31.8322784,5.5253119,0.0,5.5253119,5.32800566,0.0,5.32800566,10.1038978,0.0,10.1038978,130.76108736000003,0.0,130.76108736000003,2013.0
Genferseeregion,65.1157284,0.0,65.1157284,37.3938183,0.0,37.3938183,2.40067227,0.0,2.40067227,3.56833959,0.0,3.56833959,6.45613291,0.0,6.45613291,114.93469146999998,0.0,114.93469146999998,2013.0
Waadt,51.8927156,0.0,51.8927156,50.9092268,0.0,50.9092268,1.54262297,0.0,1.54262297,3.58566428,0.0,3.58566428,3.92327986,0.0,3.92327986,111.85350951,0.0,111.85350951,2013.0
Wallis,85.8380911,0.0,85.8380911,17.5498684,0.0,17.5498684,5.92029014,0.0,5.92029014,3.35156921,0.0,3.35156921,6.0884802,0.0,6.0884802,118.74829905,0.0,118.74829905,2013.0
Genf,71.7887324,0.0,71.7887324,29.6421428,0.0,29.6421428,1.31861203,0.0,1.31861203,3.69168763,0.0,3.69168763,10.7555285,0.0,10.7555285,117.19670336,0.0,117.19670336,2013.0
Espace Mittelland,85.6371096,0.0,85.6371096,30.7258029,0.0,30.7258029,5.50849332,0.0,5.50849332,4.53198266,0.0,4.53198266,4.64478457,0.0,4.64478457,131.04817305,0.0,131.04817305,2013.0
Bern,92.0500838,0.0,92.0500838,30.1234119,0.0,30.1234119,6.25998096,0.0,6.25998096,5.71567822,0.0,5.71567822,4.37639384,0.0,4.37639384,138.52554872,0.0,138.52554872,2013.0
Freiburg,66.7255781,0.0,66.7255781,38.5018581,0.0,38.5018581,5.77242274,0.0,5.77242274,1.8244619,0.0,1.8244619,1.75726257,0.0,1.75726257,114.58158341,0.0,114.58158341,2013.0
Solothurn,99.0181191,0.0,99.0181191,17.7671867,0.0,17.7671867,2.4747836,0.0,2.4747836,4.69711632,0.0,4.69711632,9.41718272,0.0,9.41718272,133.37438844000002,0.0,133.37438844000002,2013.0
Neuenburg,85.0500561,0.0,85.0500561,14.5916713,0.0,14.5916713,6.63257786,0.0,6.63257786,2.38659426,0.0,2.38659426,3.69043435,0.0,3.69043435,112.35133387,0.0,112.35133387,2013.0
Jura,27.2658842,0.0,27.2658842,93.7717806,0.0,93.7717806,2.21639856,0.0,2.21639856,3.91703142,0.0,3.91703142,5.32493239,0.0,5.32493239,132.49602717,0.0,132.49602717,2013.0
Nordwestschweiz,84.1968103,0.0,84.1968103,28.1341202,0.0,28.1341202,6.75689748,0.0,6.75689748,5.83961831,0.0,5.83961831,19.9655364,0.0,19.9655364,144.89298269,0.0,144.89298269,2013.0
Basel-Stadt,97.4146354,0.0,97.4146354,11.931233,0.0,11.931233,11.4083503,0.0,11.4083503,6.34853566,0.0,6.34853566,44.9731957,0.0,44.9731957,172.07595006,0.0,172.07595006,2013.0
Basel-Landschaft,98.0384417,0.0,98.0384417,12.9335094,0.0,12.9335094,6.46316605,0.0,6.46316605,5.70596004,0.0,5.70596004,28.8456017,0.0,28.8456017,151.98667889,0.0,151.98667889,2013.0
Aargau,74.203048,0.0,74.203048,39.6111019,0.0,39.6111019,5.50158558,0.0,5.50158558,5.74672906,0.0,5.74672906,8.63659364,0.0,8.63659364,133.69905817999998,0.0,133.69905817999998,2013.0
Zürich,90.6808517,0.0,90.6808517,15.4334714,0.0,15.4334714,7.66587772,0.0,7.66587772,6.69291173,0.0,6.69291173,12.377783,0.0,12.377783,132.85089555000002,0.0,132.85089555000002,2013.0
Ostschweiz,66.469213,0.0,66.469213,43.1255017,0.0,43.1255017,6.532538,0.0,6.532538,7.5591678,0.0,7.5591678,14.879523,0.0,14.879523,138.5659435,0.0,138.5659435,2013.0
Glarus,23.4637436,0.0,23.4637436,101.785669,0.0,101.785669,4.39471624,0.0,4.39471624,8.61263355,0.0,8.61263355,5.85962165,0.0,5.85962165,144.11638404,0.0,144.11638404,2013.0
Schaffhausen,18.7984718,0.0,18.7984718,82.5939606,0.0,82.5939606,2.46246018,0.0,2.46246018,5.50880266,0.0,5.50880266,16.6533389,0.0,16.6533389,126.01703413999999,0.0,126.01703413999999,2013.0
Appenzell A. Rh.,28.887523,0.0,28.887523,79.5850329,0.0,79.5850329,6.20215679,0.0,6.20215679,5.69927921,0.0,5.69927921,17.749716,0.0,17.749716,138.1237079,0.0,138.1237079,2013.0
Appenzell I. Rh.,30.4221067,0.0,30.4221067,81.94955,0.0,81.94955,3.42248701,0.0,3.42248701,5.13373051,0.0,5.13373051,9.2533908,0.0,9.2533908,130.18126502,0.0,130.18126502,2013.0
St. Gallen,71.9932316,0.0,71.9932316,39.3126689,0.0,39.3126689,6.33721037,0.0,6.33721037,6.89852938,0.0,6.89852938,17.3134377,0.0,17.3134377,141.85507795,0.0,141.85507795,2013.0
Graubünden,65.9369406,0.0,65.9369406,50.1849107,0.0,50.1849107,7.46823691,0.0,7.46823691,8.68900641,0.0,8.68900641,10.2329208,0.0,10.2329208,142.51201541999998,0.0,142.51201541999998,2013.0
Thurgau,87.3412275,0.0,87.3412275,14.2962525,0.0,14.2962525,8.01450756,0.0,8.01450756,8.95196674,0.0,8.95196674,14.3461991,0.0,14.3461991,132.9501534,0.0,132.9501534,2013.0
Zentralschweiz,67.3458869,0.0,67.3458869,37.5172938,0.0,37.5172938,4.88940388,0.0,4.88940388,5.35444626,0.0,5.35444626,5.06637834,0.0,5.06637834,120.17340918,0.0,120.17340918,2013.0
Luzern,90.4754463,0.0,90.4754463,7.4010693,0.0,7.4010693,5.47971175,0.0,5.47971175,4.98784421,0.0,4.98784421,5.05701308,0.0,5.05701308,113.40108464000002,0.0,113.40108464000002,2013.0
Uri,23.532692,0.0,23.532692,91.6213579,0.0,91.6213579,3.7362331,0.0,3.7362331,5.93893768,0.0,5.93893768,3.34588038,0.0,3.34588038,128.17510106,0.0,128.17510106,2013.0
Schwyz,27.8871304,0.0,27.8871304,89.7249597,0.0,89.7249597,4.51134772,0.0,4.51134772,5.88522814,0.0,5.88522814,5.71349309,0.0,5.71349309,133.72215905000002,0.0,133.72215905000002,2013.0
Obwalden,30.4051278,0.0,30.4051278,78.4507081,0.0,78.4507081,2.02700852,0.0,2.02700852,5.4510094,0.0,5.4510094,5.31404936,0.0,5.31404936,121.64790318,0.0,121.64790318,2013.0
Nidwalden,33.0166157,0.0,33.0166157,75.105042,0.0,75.105042,2.31569901,0.0,2.31569901,4.6552712,0.0,4.6552712,5.27597403,0.0,5.27597403,120.36860194,0.0,120.36860194,2013.0
Zug,78.3792479,0.0,78.3792479,27.7180447,0.0,27.7180447,5.57070049,0.0,5.57070049,5.92627711,0.0,5.92627711,4.63942837,0.0,4.63942837,122.23369857000002,0.0,122.23369857000002,2013.0
Tessin,84.5965389,0.0,84.5965389,42.3617544,0.0,42.3617544,4.94316657,0.0,4.94316657,2.72119444,0.0,2.72119444,9.69876406,0.0,9.69876406,144.32141837,0.0,144.32141837,2013.0
Total,78.332746192,0.0,78.332746192,31.921299067,0.0,31.921299067,5.4742447679,0.0,5.4742447679,5.7492012908,0.0,5.7492012908,10.291871508,0.0,10.291871508,131.7693628257,0.0,131.7693628257,2014.0
Genferseeregion,64.473059238,0.0,64.473059238,37.413233465,0.0,37.413233465,2.0419026177,0.0,2.0419026177,4.7230538255,0.0,4.7230538255,5.7729750655,0.0,5.7729750655,114.42422421170002,0.0,114.42422421170002,2014.0
Waadt,51.473118251,0.0,51.473118251,51.239352495,0.0,51.239352495,1.4524995863,0.0,1.4524995863,4.0344292307,0.0,4.0344292307,3.5485116476,0.0,3.5485116476,111.74791121060001,0.0,111.74791121060001,2014.0
Wallis,85.063735257,0.0,85.063735257,17.494416195,0.0,17.494416195,5.2296368191,0.0,5.2296368191,3.7587072699,0.0,3.7587072699,7.1888667513,0.0,7.1888667513,118.7353622923,0.0,118.7353622923,2014.0
Genf,70.898750484,0.0,70.898750484,29.202844664,0.0,29.202844664,0.7666767913,0.0,0.7666767913,6.4916157818,0.0,6.4916157818,8.3370864187,0.0,8.3370864187,115.69697413979999,0.0,115.69697413979999,2014.0
Espace Mittelland,85.28564803,0.0,85.28564803,31.084445676,0.0,31.084445676,5.4105377629,0.0,5.4105377629,4.7310035696,0.0,4.7310035696,4.5804218588,0.0,4.5804218588,131.0920568973,0.0,131.0920568973,2014.0
Bern,91.03364513,0.0,91.03364513,30.482911935,0.0,30.482911935,6.0242634865,0.0,6.0242634865,5.9727486532,0.0,5.9727486532,4.2123282921,0.0,4.2123282921,137.7258974968,0.0,137.7258974968,2014.0
Freiburg,67.117810513,0.0,67.117810513,40.151362826,0.0,40.151362826,5.7980664322,0.0,5.7980664322,1.8425918906,0.0,1.8425918906,1.7568899422,0.0,1.7568899422,116.666721604,0.0,116.666721604,2014.0
Solothurn,100.35302728,0.0,100.35302728,16.278690576,0.0,16.278690576,2.5140395648,0.0,2.5140395648,4.7967723221,0.0,4.7967723221,9.56700124,0.0,9.56700124,133.5095309829,0.0,133.5095309829,2014.0
Neuenburg,84.318800859,0.0,84.318800859,15.48551546,0.0,15.48551546,6.4457189261,0.0,6.4457189261,2.7858137791,0.0,2.7858137791,3.4004973862,0.0,3.4004973862,112.4363464104,0.0,112.4363464104,2014.0
Jura,28.766744925,0.0,28.766744925,93.605855545,0.0,93.605855545,3.2454080928,0.0,3.2454080928,4.0464024306,0.0,4.0464024306,6.2698522304,0.0,6.2698522304,135.9342632238,0.0,135.9342632238,2014.0
Nordwestschweiz,84.186838388,0.0,84.186838388,28.092713833,0.0,28.092713833,7.0777812986,0.0,7.0777812986,6.1495330114,0.0,6.1495330114,21.050737675,0.0,21.050737675,146.557604206,0.0,146.557604206,2014.0
Basel-Stadt,96.526393116,0.0,96.526393116,12.435722531,0.0,12.435722531,11.286598804,0.0,11.286598804,6.5379368244,0.0,6.5379368244,45.692097807,0.0,45.692097807,172.4787490824,0.0,172.4787490824,2014.0
Basel-Landschaft,97.863143039,0.0,97.863143039,13.69707182,0.0,13.69707182,7.0138392683,0.0,7.0138392683,6.0184642074,0.0,6.0184642074,31.116135385,0.0,31.116135385,155.7086537197,0.0,155.7086537197,2014.0
Aargau,74.58037401,0.0,74.58037401,38.992556685,0.0,38.992556685,5.862598543,0.0,5.862598543,6.0919574074,0.0,6.0919574074,9.3851167793,0.0,9.3851167793,134.9126034247,0.0,134.9126034247,2014.0
Zürich,92.339772974,0.0,92.339772974,15.245921814,0.0,15.245921814,7.6571848939,0.0,7.6571848939,6.8482543001,0.0,6.8482543001,12.821895608,0.0,12.821895608,134.91302958999998,0.0,134.91302958999998,2014.0
Ostschweiz,67.181444243,0.0,67.181444243,43.507966297,0.0,43.507966297,6.4853936668,0.0,6.4853936668,8.0894867252,0.0,8.0894867252,15.597970246,0.0,15.597970246,140.862261178,0.0,140.862261178,2014.0
Glarus,24.903251746,0.0,24.903251746,102.27672513,0.0,102.27672513,4.1463537217,0.0,4.1463537217,9.5240488516,0.0,9.5240488516,4.7997185505,0.0,4.7997185505,145.6500979998,0.0,145.6500979998,2014.0
Schaffhausen,22.010400796,0.0,22.010400796,82.337534785,0.0,82.337534785,2.7827795056,0.0,2.7827795056,6.900285833,0.0,6.900285833,17.918077993,0.0,17.918077993,131.94907891260002,0.0,131.94907891260002,2014.0
Appenzell A. Rh.,30.334418467,0.0,30.334418467,83.290174608,0.0,83.290174608,6.8622373483,0.0,6.8622373483,6.5292986091,0.0,6.5292986091,17.664249778,0.0,17.664249778,144.6803788104,0.0,144.6803788104,2014.0
Appenzell I. Rh.,28.131701779,0.0,28.131701779,86.035070014,0.0,86.035070014,3.2168537908,0.0,3.2168537908,5.4875741138,0.0,5.4875741138,11.732055002,0.0,11.732055002,134.6032546996,0.0,134.6032546996,2014.0
St. Gallen,71.26117332,0.0,71.26117332,40.028316499,0.0,40.028316499,6.4478524638,0.0,6.4478524638,7.4119042241,0.0,7.4119042241,18.113282132,0.0,18.113282132,143.2625286389,0.0,143.2625286389,2014.0
Graubünden,67.054307097,0.0,67.054307097,48.916206365,0.0,48.916206365,7.0244938383,0.0,7.0244938383,8.4079515637,0.0,8.4079515637,10.837936351,0.0,10.837936351,142.24089521500002,0.0,142.24089521500002,2014.0
Thurgau,89.488232417,0.0,89.488232417,14.761141002,0.0,14.761141002,7.742679149,0.0,7.742679149,9.744703924,0.0,9.744703924,15.144104075,0.0,15.144104075,136.880860567,0.0,136.880860567,2014.0
Zentralschweiz,68.947843359,0.0,68.947843359,37.663572665,0.0,37.663572665,4.8749063747,0.0,4.8749063747,5.4897018561,0.0,5.4897018561,5.2097845787,0.0,5.2097845787,122.18580883349999,0.0,122.18580883349999,2014.0
Luzern,93.159217849,0.0,93.159217849,7.7799515464,0.0,7.7799515464,5.5650728325,0.0,5.5650728325,5.0810432738,0.0,5.0810432738,5.3192567739,0.0,5.3192567739,116.9045422756,0.0,116.9045422756,2014.0
Uri,24.994445679,0.0,24.994445679,88.73028216,0.0,88.73028216,4.0824261275,0.0,4.0824261275,5.5543212619,0.0,5.5543212619,4.2490557654,0.0,4.2490557654,127.6105309938,0.0,127.6105309938,2014.0
Schwyz,29.078483101,0.0,29.078483101,89.330252227,0.0,89.330252227,4.2681609594,0.0,4.2681609594,6.0291046681,0.0,6.0291046681,6.0814747413,0.0,6.0814747413,134.78747569680002,0.0,134.78747569680002,2014.0
Obwalden,28.53342021,0.0,28.53342021,81.310745507,0.0,81.310745507,2.0090134115,0.0,2.0090134115,4.3709616116,0.0,4.3709616116,5.0225335288,0.0,5.0225335288,121.24667426889998,0.0,121.24667426889998,2014.0
Nidwalden,31.511406844,0.0,31.511406844,76.330798479,0.0,76.330798479,2.352661597,0.0,2.352661597,5.2756653992,0.0,5.2756653992,4.2775665399,0.0,4.2775665399,119.74809885909998,0.0,119.74809885909998,2014.0
Zug,78.799890082,0.0,78.799890082,27.887649993,0.0,27.887649993,5.3793436535,0.0,5.3793436535,6.5451456836,0.0,6.5451456836,4.4133933999,0.0,4.4133933999,123.025422812,0.0,123.025422812,2014.0
Tessin,85.117435346,0.0,85.117435346,42.036402246,0.0,42.036402246,5.1032785996,0.0,5.1032785996,2.7771197301,0.0,2.7771197301,9.5843453789,0.0,9.5843453789,144.6185813006,0.0,144.6185813006,2014.0
Total,80.05294984,0.0,80.05294984,31.082512742,0.0,31.082512742,5.4460566587,0.0,5.4460566587,5.9053988135,0.0,5.9053988135,10.691563932,0.0,10.691563932,133.1784819862,0.0,133.1784819862,2015.0
Genferseeregion,64.256176439,0.0,64.256176439,37.630526044,0.0,37.630526044,2.1865445632,0.0,2.1865445632,5.031875867,0.0,5.031875867,5.7182689092,0.0,5.7182689092,114.8233918224,0.0,114.8233918224,2015.0
Waadt,51.399845101,0.0,51.399845101,51.262789191,0.0,51.262789191,1.5102009679,0.0,1.5102009679,4.2293384984,0.0,4.2293384984,3.5026835806,0.0,3.5026835806,111.90485733890002,0.0,111.90485733890002,2015.0
Wallis,83.292621896,0.0,83.292621896,17.119655879,0.0,17.119655879,5.6926504933,0.0,5.6926504933,4.1555454935,0.0,4.1555454935,7.5931795434,0.0,7.5931795434,117.8536533052,0.0,117.8536533052,2015.0
Genf,71.585357803,0.0,71.585357803,30.084417085,0.0,30.084417085,0.8375693161,0.0,0.8375693161,6.9192302614,0.0,6.9192302614,7.9548455242,0.0,7.9548455242,117.38141998969999,0.0,117.38141998969999,2015.0
Espace Mittelland,89.816751354,0.0,89.816751354,27.163508121,0.0,27.163508121,5.5882721736,0.0,5.5882721736,4.9667499163,0.0,4.9667499163,4.9944334404,0.0,4.9944334404,132.5297150053,0.0,132.5297150053,2015.0
Bern,97.80998798,0.0,97.80998798,23.166971831,0.0,23.166971831,6.3077220946,0.0,6.3077220946,6.1730761104,0.0,6.1730761104,4.9701076087,0.0,4.9701076087,138.4278656247,0.0,138.4278656247,2015.0
Freiburg,66.938571071,0.0,66.938571071,39.403371485,0.0,39.403371485,5.6820214596,0.0,5.6820214596,2.1791381671,0.0,2.1791381671,2.1205941567,0.0,2.1205941567,116.32369633939999,0.0,116.32369633939999,2015.0
Solothurn,104.11083335,0.0,104.11083335,16.684308117,0.0,16.684308117,2.6236965971,0.0,2.6236965971,5.082239188,0.0,5.082239188,9.7666073614,0.0,9.7666073614,138.26768461349997,0.0,138.26768461349997,2015.0
Neuenburg,86.700691158,0.0,86.700691158,18.382208448,0.0,18.382208448,6.0132392326,0.0,6.0132392326,2.8915202659,0.0,2.8915202659,2.0774029095,0.0,2.0774029095,116.06506201399999,0.0,116.06506201399999,2015.0
Jura,30.021159078,0.0,30.021159078,91.176389767,0.0,91.176389767,4.9462779259,0.0,4.9462779259,4.5340880987,0.0,4.5340880987,7.1446236707,0.0,7.1446236707,137.8225385403,0.0,137.8225385403,2015.0
Nordwestschweiz,85.433715801,0.0,85.433715801,28.480858457,0.0,28.480858457,7.0655067718,0.0,7.0655067718,6.2008127769,0.0,6.2008127769,21.371939794,0.0,21.371939794,148.5528336007,0.0,148.5528336007,2015.0
Basel-Stadt,97.175954165,0.0,97.175954165,12.319033245,0.0,12.319033245,11.187746654,0.0,11.187746654,6.6000406638,0.0,6.6000406638,45.387009493,0.0,45.387009493,172.66978422079998,0.0,172.66978422079998,2015.0
Basel-Landschaft,98.146036274,0.0,98.146036274,14.228668472,0.0,14.228668472,7.008413627,0.0,7.008413627,6.1504566944,0.0,6.1504566944,31.959778414,0.0,31.959778414,157.4933534814,0.0,157.4933534814,2015.0
Aargau,76.479902092,0.0,76.479902092,39.398783799,0.0,39.398783799,5.8805981566,0.0,5.8805981566,6.1054805523,0.0,6.1054805523,9.737254752,0.0,9.737254752,137.6020193519,0.0,137.6020193519,2015.0
Zürich,93.806429791,0.0,93.806429791,14.977250781,0.0,14.977250781,7.0327545103,0.0,7.0327545103,7.0757161639,0.0,7.0757161639,13.065116228,0.0,13.065116228,135.9572674742,0.0,135.9572674742,2015.0
Ostschweiz,68.279171381,0.0,68.279171381,42.4253458,0.0,42.4253458,6.6303419637,0.0,6.6303419637,8.1500843097,0.0,8.1500843097,16.989384344,0.0,16.989384344,142.4743277984,0.0,142.4743277984,2015.0
Glarus,24.757669631,0.0,24.757669631,98.156290597,0.0,98.156290597,3.5974817628,0.0,3.5974817628,8.2442290397,0.0,8.2442290397,6.1456980114,0.0,6.1456980114,140.9013690419,0.0,140.9013690419,2015.0
Schaffhausen,24.72568766,0.0,24.72568766,81.041134325,0.0,81.041134325,3.0687910216,0.0,3.0687910216,7.5529836164,0.0,7.5529836164,17.247858109,0.0,17.247858109,133.636454732,0.0,133.636454732,2015.0
Appenzell A. Rh.,33.221494967,0.0,33.221494967,84.83215078,0.0,84.83215078,6.3802871129,0.0,6.3802871129,6.3802871129,0.0,6.3802871129,18.590836588,0.0,18.590836588,149.4050565608,0.0,149.4050565608,2015.0
Appenzell I. Rh.,29.98622762,0.0,29.98622762,84.762739452,0.0,84.762739452,3.1300863904,0.0,3.1300863904,6.7609866032,0.0,6.7609866032,11.330912733,0.0,11.330912733,135.9709527986,0.0,135.9709527986,2015.0
St. Gallen,72.583731578,0.0,72.583731578,40.299359803,0.0,40.299359803,6.5502489656,0.0,6.5502489656,7.4138639255,0.0,7.4138639255,18.592768477,0.0,18.592768477,145.4399727491,0.0,145.4399727491,2015.0
Graubünden,65.22557347,0.0,65.22557347,49.310818371,0.0,49.310818371,7.2071613855,0.0,7.2071613855,8.0260414018,0.0,8.0260414018,10.986216367,0.0,10.986216367,140.7558109953,0.0,140.7558109953,2015.0
Thurgau,91.444832086,0.0,91.444832086,10.283103179,0.0,10.283103179,8.1329997869,0.0,8.1329997869,10.223274215,0.0,10.223274215,19.967916718,0.0,19.967916718,140.05212598490002,0.0,140.05212598490002,2015.0
Zentralschweiz,70.218784553,0.0,70.218784553,39.052043246,0.0,39.052043246,4.7972188276,0.0,4.7972188276,5.4196427894,0.0,5.4196427894,5.3665090365,0.0,5.3665090365,124.85419845250001,0.0,124.85419845250001,2015.0
Luzern,93.868021527,0.0,93.868021527,8.355861391,0.0,8.355861391,5.3214699495,0.0,5.3214699495,4.8525185449,0.0,4.8525185449,5.6374479013,0.0,5.6374479013,118.0353193137,0.0,118.0353193137,2015.0
Uri,25.519139355,0.0,25.519139355,93.51458038,0.0,93.51458038,3.641620104,0.0,3.641620104,6.171295138,0.0,6.171295138,4.2253912657,0.0,4.2253912657,133.07202624270002,0.0,133.07202624270002,2015.0
Schwyz,29.722310553,0.0,29.722310553,91.860110453,0.0,91.860110453,4.445367408,0.0,4.445367408,6.1261705593,0.0,6.1261705593,6.2689414834,0.0,6.2689414834,138.4229004567,0.0,138.4229004567,2015.0
Obwalden,30.666738591,0.0,30.666738591,89.141223433,0.0,89.141223433,2.0768151904,0.0,2.0768151904,4.9088359046,0.0,4.9088359046,4.3694033876,0.0,4.3694033876,131.16301650659997,0.0,131.16301650659997,2015.0
Nidwalden,31.871758604,0.0,31.871758604,79.561527581,0.0,79.561527581,2.1216407355,0.0,2.1216407355,4.7619047619,0.0,4.7619047619,4.243281471,0.0,4.243281471,122.56011315340001,0.0,122.56011315340001,2015.0
Zug,82.589614686,0.0,82.589614686,27.330636842,0.0,27.330636842,5.624969296,0.0,5.624969296,6.5419948581,0.0,6.5419948581,4.3722468764,0.0,4.3722468764,126.45946255850001,0.0,126.45946255850001,2015.0
Tessin,86.595670927,0.0,86.595670927,42.316150773,0.0,42.316150773,5.2337574514,0.0,5.2337574514,2.6850710052,0.0,2.6850710052,10.211793855,0.0,10.211793855,147.0424440116,0.0,147.0424440116,2015.0
Total,84.104732438,0.0,84.104732438,25.142317582,0.0,25.142317582,5.6788070621,0.0,5.6788070621,6.6905000861,0.0,6.6905000861,11.810488684,0.0,11.810488684,133.42684585220002,0.0,133.42684585220002,2016.0
Genferseeregion,78.069589383,0.0,78.069589383,22.757049486,0.0,22.757049486,2.2274254705,0.0,2.2274254705,5.6100877459,0.0,5.6100877459,6.2124966378,0.0,6.2124966378,114.87664872319999,0.0,114.87664872319999,2016.0
Waadt,73.389889682,0.0,73.389889682,27.416407797,0.0,27.416407797,1.5927178392,0.0,1.5927178392,4.7730568205,0.0,4.7730568205,3.4313513128,0.0,3.4313513128,110.60342345150002,0.0,110.60342345150002,2016.0
Wallis,97.562917188,0.0,97.562917188,2.3498124867,0.0,2.3498124867,5.8671604123,0.0,5.8671604123,4.882420926,0.0,4.882420926,9.2252989598,0.0,9.2252989598,119.88760997279999,0.0,119.88760997279999,2016.0
Genf,72.065925266,0.0,72.065925266,29.42654497,0.0,29.42654497,0.7231514696,0.0,0.7231514696,7.4562227797,0.0,7.4562227797,8.5838488001,0.0,8.5838488001,118.25569328539999,0.0,118.25569328539999,2016.0
Espace Mittelland,94.562844806,0.0,94.562844806,19.336863565,0.0,19.336863565,5.8137502642,0.0,5.8137502642,5.9121607996,0.0,5.9121607996,8.4278137212,0.0,8.4278137212,134.053433156,0.0,134.053433156,2016.0
Bern,105.20178507,0.0,105.20178507,15.396785038,0.0,15.396785038,6.5474085569,0.0,6.5474085569,7.2478380693,0.0,7.2478380693,5.7787870197,0.0,5.7787870197,140.17260375389998,0.0,140.17260375389998,2016.0
Freiburg,68.717659355,0.0,68.717659355,27.658264778,0.0,27.658264778,5.783645492,0.0,5.783645492,2.4718351853,0.0,2.4718351853,12.282231641,0.0,12.282231641,116.9136364513,0.0,116.9136364513,2016.0
Solothurn,106.85085046,0.0,106.85085046,12.392323366,0.0,12.392323366,2.8985937552,0.0,2.8985937552,6.4132778605,0.0,6.4132778605,9.6496078919,0.0,9.6496078919,138.2046533336,0.0,138.2046533336,2016.0
Neuenburg,86.174937138,0.0,86.174937138,7.3305817984,0.0,7.3305817984,6.2049538829,0.0,6.2049538829,3.841695274,0.0,3.841695274,15.237977902,0.0,15.237977902,118.79014599530001,0.0,118.79014599530001,2016.0
Jura,30.661086951,0.0,30.661086951,94.061978611,0.0,94.061978611,5.4292825689,0.0,5.4292825689,5.0463608763,0.0,5.0463608763,8.0413555428,0.0,8.0413555428,143.24006455000003,0.0,143.24006455000003,2016.0
Nordwestschweiz,85.136356154,0.0,85.136356154,28.011059785,0.0,28.011059785,7.3037308389,0.0,7.3037308389,8.2922122722,0.0,8.2922122722,20.639037049,0.0,20.639037049,149.3823960991,0.0,149.3823960991,2016.0
Basel-Stadt,96.177552183,0.0,96.177552183,14.114051898,0.0,14.114051898,11.332677267,0.0,11.332677267,7.5672036049,0.0,7.5672036049,44.294815352,0.0,44.294815352,173.4863003049,0.0,173.4863003049,2016.0
Basel-Landschaft,95.349130325,0.0,95.349130325,17.204436602,0.0,17.204436602,7.3978377167,0.0,7.3978377167,7.2998067389,0.0,7.2998067389,31.334901829,0.0,31.334901829,158.5861132116,0.0,158.5861132116,2016.0
Aargau,77.526670706,0.0,77.526670706,36.707452725,0.0,36.707452725,6.0907783716,0.0,6.0907783716,8.9304285701,0.0,8.9304285701,9.1504863881,0.0,9.1504863881,138.4058167608,0.0,138.4058167608,2016.0
Zürich,91.615483925,0.0,91.615483925,13.702570416,0.0,13.702570416,7.1795850586,0.0,7.1795850586,7.4161491268,0.0,7.4161491268,14.187123522,0.0,14.187123522,134.1009120484,0.0,134.1009120484,2016.0
Ostschweiz,74.482834545,0.0,74.482834545,36.437243481,0.0,36.437243481,6.6845333728,0.0,6.6845333728,8.6068097609,0.0,8.6068097609,17.905983053,0.0,17.905983053,144.1174042127,0.0,144.1174042127,2016.0
Glarus,25.705532169,0.0,25.705532169,110.59356864,0.0,110.59356864,4.0600792089,0.0,4.0600792089,8.0205245722,0.0,8.0205245722,5.604403816,0.0,5.604403816,153.9841084061,0.0,153.9841084061,2016.0
Schaffhausen,101.22695589,0.0,101.22695589,2.2904827347,0.0,2.2904827347,2.9590560735,0.0,2.9590560735,7.738117347,0.0,7.738117347,19.376245837,0.0,19.376245837,133.5908578822,0.0,133.5908578822,2016.0
Appenzell A. Rh.,33.464352003,0.0,33.464352003,81.6683044,0.0,81.6683044,7.0968446337,0.0,7.0968446337,7.8429231721,0.0,7.8429231721,19.670997562,0.0,19.670997562,149.74342177079998,0.0,149.74342177079998,2016.0
Appenzell I. Rh.,30.806723739,0.0,30.806723739,83.234393551,0.0,83.234393551,3.1869024558,0.0,3.1869024558,6.6862463288,0.0,6.6862463288,13.185027807,0.0,13.185027807,137.09929388159998,0.0,137.09929388159998,2016.0
St. Gallen,72.887979751,0.0,72.887979751,39.583963451,0.0,39.583963451,6.6779159172,0.0,6.6779159172,8.0528980086,0.0,8.0528980086,19.588022732,0.0,19.588022732,146.7907798598,0.0,146.7907798598,2016.0
Graubünden,67.142495571,0.0,67.142495571,49.460895976,0.0,49.460895976,7.1728676284,0.0,7.1728676284,8.2358896482,0.0,8.2358896482,10.746646419,0.0,10.746646419,142.7587952426,0.0,142.7587952426,2016.0
Thurgau,92.963292687,0.0,92.963292687,8.3336719503,0.0,8.3336719503,7.9642715979,0.0,7.9642715979,10.520522037,0.0,10.520522037,21.314400334,0.0,21.314400334,141.0961586062,0.0,141.0961586062,2016.0
Zentralschweiz,70.412755368,0.0,70.412755368,37.802441426,0.0,37.802441426,5.1545940319,0.0,5.1545940319,5.955307668,0.0,5.955307668,5.9478009776,0.0,5.9478009776,125.27289947150001,0.0,125.27289947150001,2016.0
Luzern,94.073580121,0.0,94.073580121,7.2236531258,0.0,7.2236531258,5.6842267047,0.0,5.6842267047,5.0991950857,0.0,5.0991950857,6.712989933,0.0,6.712989933,118.7936449702,0.0,118.7936449702,2016.0
Uri,27.030017983,0.0,27.030017983,94.093235579,0.0,94.093235579,4.7032784618,0.0,4.7032784618,7.4422465071,0.0,7.4422465071,5.2842716835,0.0,5.2842716835,138.5530502144,0.0,138.5530502144,2016.0
Schwyz,30.058448766,0.0,30.058448766,90.059860262,0.0,90.059860262,5.1391285937,0.0,5.1391285937,6.974073385,0.0,6.974073385,6.2683253883,0.0,6.2683253883,138.49983639500002,0.0,138.49983639500002,2016.0
Obwalden,33.254855798,0.0,33.254855798,85.585103537,0.0,85.585103537,2.9161538873,0.0,2.9161538873,5.4845096046,0.0,5.4845096046,3.8792872813,0.0,3.8792872813,131.1199101082,0.0,131.1199101082,2016.0
Nidwalden,33.814268258,0.0,33.814268258,77.286399098,0.0,77.286399098,2.1383588683,0.0,2.1383588683,5.4751386408,0.0,5.4751386408,4.8641789642,0.0,4.8641789642,123.5783438293,0.0,123.5783438293,2016.0
Zug,80.574111724,0.0,80.574111724,27.229160616,0.0,27.229160616,5.2925420338,0.0,5.2925420338,7.3337205925,0.0,7.3337205925,4.2437151063,0.0,4.2437151063,124.67325007260001,0.0,124.67325007260001,2016.0
Tessin,84.294885362,0.0,84.294885362,39.641622575,0.0,39.641622575,7.0292768959,0.0,7.0292768959,2.8557319224,0.0,2.8557319224,9.8398589065,0.0,9.8398589065,143.6613756618,0.0,143.6613756618,2016.0
Total,82.928479408,0.0,82.928479408,24.477701308,0.0,24.477701308,5.8413767823,0.0,5.8413767823,6.2748920632,0.0,6.2748920632,12.106839476,0.0,12.106839476,131.6292890375,0.0,131.6292890375,2017.0
Genferseeregion,77.032054047,0.0,77.032054047,22.278860331,0.0,22.278860331,2.2713872089,0.0,2.2713872089,4.2053181875,0.0,4.2053181875,6.7313314612,0.0,6.7313314612,112.5189512356,0.0,112.5189512356,2017.0
Waadt,71.026276936,0.0,71.026276936,26.722008652,0.0,26.722008652,1.6970757594,0.0,1.6970757594,4.7684550685,0.0,4.7684550685,3.868223202,0.0,3.868223202,108.0820396179,0.0,108.0820396179,2017.0
Wallis,96.511188621,0.0,96.511188621,2.480503012,0.0,2.480503012,5.8600785444,0.0,5.8600785444,4.5744341261,0.0,4.5744341261,10.428655521,0.0,10.428655521,119.8548598245,0.0,119.8548598245,2017.0
Genf,73.219733912,0.0,73.219733912,28.813788619,0.0,28.813788619,0.7168111394,0.0,0.7168111394,3.0489713255,0.0,3.0489713255,8.7673069506,0.0,8.7673069506,114.56661194649999,0.0,114.56661194649999,2017.0
Espace Mittelland,93.828087963,0.0,93.828087963,19.038079369,0.0,19.038079369,5.8152289653,0.0,5.8152289653,5.8200446683,0.0,5.8200446683,8.4718918115,0.0,8.4718918115,132.97333277709998,0.0,132.97333277709998,2017.0
Bern,104.42273786,0.0,104.42273786,15.198918464,0.0,15.198918464,6.6558306162,0.0,6.6558306162,7.0253295911,0.0,7.0253295911,5.9119835985,0.0,5.9119835985,139.2148001298,0.0,139.2148001298,2017.0
Freiburg,67.828510128,0.0,67.828510128,26.666751303,0.0,26.666751303,5.7764207773,0.0,5.7764207773,2.3772193199,0.0,2.3772193199,12.140005205,0.0,12.140005205,114.78890673320001,0.0,114.78890673320001,2017.0
Solothurn,104.98393704,0.0,104.98393704,11.258805152,0.0,11.258805152,2.803648796,0.0,2.803648796,6.2630787822,0.0,6.2630787822,8.9083085266,0.0,8.9083085266,134.21777829680002,0.0,134.21777829680002,2017.0
Neuenburg,87.573891349,0.0,87.573891349,7.3722775393,0.0,7.3722775393,5.905688791,0.0,5.905688791,4.4784338406,0.0,4.4784338406,16.132476231,0.0,16.132476231,121.4627677509,0.0,121.4627677509,2017.0
Jura,30.413426115,0.0,30.413426115,97.393914586,0.0,97.393914586,5.0893709919,0.0,5.0893709919,5.2803929595,0.0,5.2803929595,8.5004775549,0.0,8.5004775549,146.6775822073,0.0,146.6775822073,2017.0
Nordwestschweiz,84.524172272,0.0,84.524172272,27.418594537,0.0,27.418594537,7.5005273808,0.0,7.5005273808,8.0222654544,0.0,8.0222654544,20.762744603,0.0,20.762744603,148.22830424720001,0.0,148.22830424720001,2017.0
Basel-Stadt,88.861728242,0.0,88.861728242,14.145883615,0.0,14.145883615,9.1641396951,0.0,9.1641396951,6.626853972,0.0,6.626853972,36.759700477,0.0,36.759700477,155.55830600110002,0.0,155.55830600110002,2017.0
Basel-Landschaft,97.765684283,0.0,97.765684283,17.41323866,0.0,17.41323866,8.8634011908,0.0,8.8634011908,7.1178964752,0.0,7.1178964752,37.64158273,0.0,37.64158273,168.80180333900003,0.0,168.80180333900003,2017.0
Aargau,77.606454959,0.0,77.606454959,35.534167526,0.0,35.534167526,6.4367768127,0.0,6.4367768127,8.8123781647,0.0,8.8123781647,8.9196826173,0.0,8.9196826173,137.3094600797,0.0,137.3094600797,2017.0
Zürich,88.732246438,0.0,88.732246438,13.097385841,0.0,13.097385841,7.7163099447,0.0,7.7163099447,6.8295458625,0.0,6.8295458625,14.733312682,0.0,14.733312682,131.1088007682,0.0,131.1088007682,2017.0
Ostschweiz,73.856765849,0.0,73.856765849,34.74727158,0.0,34.74727158,6.7293335317,0.0,6.7293335317,8.6868178949,0.0,8.6868178949,18.180916366,0.0,18.180916366,142.2011052216,0.0,142.2011052216,2017.0
Glarus,24.858112964,0.0,24.858112964,100.20074847,0.0,100.20074847,4.4610771023,0.0,4.4610771023,7.9555874991,0.0,7.9555874991,5.3532925227,0.0,5.3532925227,142.8288185581,0.0,142.8288185581,2017.0
Schaffhausen,101.15425748,0.0,101.15425748,1.9422010793,0.0,1.9422010793,2.9255940308,0.0,2.9255940308,7.7319270814,0.0,7.7319270814,18.082137896,0.0,18.082137896,131.8361175675,0.0,131.8361175675,2017.0
Appenzell A. Rh.,36.699409185,0.0,36.699409185,78.527674073,0.0,78.527674073,7.5392366523,0.0,7.5392366523,8.3910254087,0.0,8.3910254087,20.171082678,0.0,20.171082678,151.328427997,0.0,151.328427997,2017.0
Appenzell I. Rh.,32.971126979,0.0,32.971126979,80.533995654,0.0,80.533995654,4.2222912139,0.0,4.2222912139,6.3334368209,0.0,6.3334368209,14.840111767,0.0,14.840111767,138.9009624348,0.0,138.9009624348,2017.0
St. Gallen,72.5480794,0.0,72.5480794,37.84135086,0.0,37.84135086,6.6992149574,0.0,6.6992149574,8.1218817245,0.0,8.1218817245,20.115477743,0.0,20.115477743,145.3260046849,0.0,145.3260046849,2017.0
Graubünden,65.865540103,0.0,65.865540103,47.926099612,0.0,47.926099612,7.0898690168,0.0,7.0898690168,8.2167690815,0.0,8.2167690815,10.571636481,0.0,10.571636481,139.6699142943,0.0,139.6699142943,2017.0
Thurgau,91.047877838,0.0,91.047877838,8.1044262074,0.0,8.1044262074,7.9729438534,0.0,7.9729438534,10.657375247,0.0,10.657375247,21.829723047,0.0,21.829723047,139.6123461928,0.0,139.6123461928,2017.0
Zentralschweiz,68.972832418,0.0,68.972832418,37.092266066,0.0,37.092266066,5.4362456905,0.0,5.4362456905,5.7860908034,0.0,5.7860908034,6.3319484264,0.0,6.3319484264,123.61938340430001,0.0,123.61938340430001,2017.0
Luzern,92.434060014,0.0,92.434060014,7.0724663351,0.0,7.0724663351,5.7194727753,0.0,5.7194727753,5.030676054,0.0,5.030676054,7.4168646957,0.0,7.4168646957,117.6735398741,0.0,117.6735398741,2017.0
Uri,25.785834321,0.0,25.785834321,94.189922587,0.0,94.189922587,5.1241081022,0.0,5.1241081022,5.9781261192,0.0,5.9781261192,4.1874431803,0.0,4.1874431803,135.2654343097,0.0,135.2654343097,2017.0
Schwyz,29.402228848,0.0,29.402228848,88.003254906,0.0,88.003254906,5.0921481745,0.0,5.0921481745,6.5797420233,0.0,6.5797420233,6.5670275459,0.0,6.5670275459,135.6444014977,0.0,135.6444014977,2017.0
Obwalden,32.228875582,0.0,32.228875582,81.969394544,0.0,81.969394544,5.5089820359,0.0,5.5089820359,5.8549567532,0.0,5.8549567532,3.7258815702,0.0,3.7258815702,129.2880904853,0.0,129.2880904853,2017.0
Nidwalden,33.62889525,0.0,33.62889525,75.333379879,0.0,75.333379879,3.723614699,0.0,3.723614699,5.7483301915,0.0,5.7483301915,4.6777909656,0.0,4.6777909656,123.1120109851,0.0,123.1120109851,2017.0
Zug,78.176700871,0.0,78.176700871,27.467489495,0.0,27.467489495,5.6051219493,0.0,5.6051219493,7.1758317985,0.0,7.1758317985,4.4888814473,0.0,4.4888814473,122.91402556109999,0.0,122.91402556109999,2017.0
Tessin,84.422505506,0.0,84.422505506,39.475953397,0.0,39.475953397,7.0396851649,0.0,7.0396851649,3.3049766899,0.0,3.3049766899,9.8018427577,0.0,9.8018427577,144.0449635155,0.0,144.0449635155,2017.0
Total,82.087633405,0.0,82.087633405,24.519672066,0.0,24.519672066,5.7063427853,0.0,5.7063427853,6.3426565332,0.0,6.3426565332,11.806621946,0.0,11.806621946,118.04094012,0.0,118.04094012,2018.0
Genferseeregion,77.207198432,0.0,77.207198432,22.254623824,0.0,22.254623824,2.2001972507,0.0,2.2001972507,4.3005515713,0.0,4.3005515713,6.6450340318,0.0,6.6450340318,104.72914561,0.0,104.72914561,2018.0
Waadt,72.045748894,0.0,72.045748894,27.242865813,0.0,27.242865813,1.6179792153,0.0,1.6179792153,4.7625900181,0.0,4.7625900181,3.7915522214,0.0,3.7915522214,100.31220867,0.0,100.31220867,2018.0
Wallis,95.843933073,0.0,95.843933073,2.4857902923,0.0,2.4857902923,5.6315506389,0.0,5.6315506389,4.4802372403,0.0,4.4802372403,10.597316509,0.0,10.597316509,110.90113532,0.0,110.90113532,2018.0
Genf,72.631536798,0.0,72.631536798,27.887002483,0.0,27.887002483,0.7687995515,0.0,0.7687995515,3.4375750781,0.0,3.4375750781,8.4888283815,0.0,8.4888283815,107.54584768,0.0,107.54584768,2018.0
Espace Mittelland,94.025317049,0.0,94.025317049,19.359093607,0.0,19.359093607,5.6958565999,0.0,5.6958565999,5.7693721453,0.0,5.7693721453,8.1676836317,0.0,8.1676836317,121.69006911,0.0,121.69006911,2018.0
Bern,103.61486294,0.0,103.61486294,15.493097914,0.0,15.493097914,6.5151206259,0.0,6.5151206259,6.9296225906,0.0,6.9296225906,5.6213809582,0.0,5.6213809582,125.8192211,0.0,125.8192211,2018.0
Freiburg,70.555419592,0.0,70.555419592,26.782632705,0.0,26.782632705,5.904980641,0.0,5.904980641,2.2967299836,0.0,2.2967299836,11.703282567,0.0,11.703282567,107.99964859,0.0,107.99964859,2018.0
Solothurn,107.36692607,0.0,107.36692607,11.347247743,0.0,11.347247743,3.0161716582,0.0,3.0161716582,6.5447996662,0.0,6.5447996662,9.3047431496,0.0,9.3047431496,127.89446328,0.0,127.89446328,2018.0
Neuenburg,86.327396098,0.0,86.327396098,7.4809160305,0.0,7.4809160305,6.3217415889,0.0,6.3217415889,4.3030817077,0.0,4.3030817077,14.639525021,0.0,14.639525021,109.78795589,0.0,109.78795589,2018.0
Jura,29.624484125,0.0,29.624484125,100.05584386,0.0,100.05584386,1.7025565589,0.0,1.7025565589,5.1349105817,0.0,5.1349105817,8.8941554638,0.0,8.8941554638,128.49534862,0.0,128.49534862,2018.0
Nordwestschweiz,83.223308831,0.0,83.223308831,26.771049991,0.0,26.771049991,7.4256850156,0.0,7.4256850156,8.2223399262,0.0,8.2223399262,20.589007885,0.0,20.589007885,129.05637302,0.0,129.05637302,2018.0
Basel-Stadt,93.563558321,0.0,93.563558321,14.612406683,0.0,14.612406683,10.617869649,0.0,10.617869649,7.0186788248,0.0,7.0186788248,43.888563712,0.0,43.888563712,144.16787324,0.0,144.16787324,2018.0
Basel-Landschaft,91.812086127,0.0,91.812086127,16.714561382,0.0,16.714561382,7.5069759693,0.0,7.5069759693,6.9863812419,0.0,6.9863812419,33.53671234,0.0,33.53671234,139.37362042,0.0,139.37362042,2018.0
Aargau,76.604930353,0.0,76.604930353,34.535178788,0.0,34.535178788,6.4744244751,0.0,6.4744244751,9.0930939964,0.0,9.0930939964,8.3971412858,0.0,8.3971412858,120.33346751,0.0,120.33346751,2018.0
Zürich,85.81048385,0.0,85.81048385,12.847081595,0.0,12.847081595,7.2683974942,0.0,7.2683974942,6.8305184593,0.0,6.8305184593,14.296816238,0.0,14.296816238,114.82424351,0.0,114.82424351,2018.0
Ostschweiz,73.316722221,0.0,73.316722221,35.27353503,0.0,35.27353503,6.754958893,0.0,6.754958893,8.8462247975,0.0,8.8462247975,17.79701289,0.0,17.79701289,125.48870589,0.0,125.48870589,2018.0
Glarus,25.121896889,0.0,25.121896889,101.10635349,0.0,101.10635349,4.2571096206,0.0,4.2571096206,8.0192064946,0.0,8.0192064946,5.6678959483,0.0,5.6678959483,127.09452268,0.0,127.09452268,2018.0
Schaffhausen,100.25490603,0.0,100.25490603,1.8660584698,0.0,1.8660584698,2.805185935,0.0,2.805185935,7.9886816846,0.0,7.9886816846,15.36754034,0.0,15.36754034,118.12272079,0.0,118.12272079,2018.0
Appenzell A. Rh.,35.431075062,0.0,35.431075062,79.172248977,0.0,79.172248977,7.3686497447,0.0,7.3686497447,8.2195748995,0.0,8.2195748995,21.110185755,0.0,21.110185755,129.10526125,0.0,129.10526125,2018.0
Appenzell I. Rh.,35.490864045,0.0,35.490864045,76.618148033,0.0,76.618148033,3.2827500774,0.0,3.2827500774,7.1229482812,0.0,7.1229482812,14.183957882,0.0,14.183957882,120.7184887,0.0,120.7184887,2018.0
St. Gallen,71.353582944,0.0,71.353582944,38.469795961,0.0,38.469795961,6.9056937504,0.0,6.9056937504,8.1544700875,0.0,8.1544700875,19.612091464,0.0,19.612091464,127.4007922,0.0,127.4007922,2018.0
Graubünden,64.830450804,0.0,64.830450804,49.773413517,0.0,49.773413517,7.2789962647,0.0,7.2789962647,8.6803542714,0.0,8.6803542714,10.706778439,0.0,10.706778439,124.67549489,0.0,124.67549489,2018.0
Thurgau,91.84293527,0.0,91.84293527,8.1020862872,0.0,8.1020862872,7.7186839897,0.0,7.7186839897,10.836540409,0.0,10.836540409,21.593506757,0.0,21.593506757,124.06681328,0.0,124.06681328,2018.0
Zentralschweiz,68.534024717,0.0,68.534024717,37.447605085,0.0,37.447605085,5.3637141845,0.0,5.3637141845,5.8852034792,0.0,5.8852034792,5.7855793451,0.0,5.7855793451,112.89997245,0.0,112.89997245,2018.0
Luzern,91.62582986,0.0,91.62582986,6.8854884668,0.0,6.8854884668,5.8087152704,0.0,5.8087152704,5.1348163992,0.0,5.1348163992,6.3898309637,0.0,6.3898309637,108.99337577,0.0,108.99337577,2018.0
Uri,24.647983971,0.0,24.647983971,99.360469904,0.0,99.360469904,4.7484423462,0.0,4.7484423462,7.1363873411,0.0,7.1363873411,4.7209947026,0.0,4.7209947026,124.20058738,0.0,124.20058738,2018.0
Schwyz,30.710269217,0.0,30.710269217,89.498319354,0.0,89.498319354,4.9508371815,0.0,4.9508371815,6.5717965633,0.0,6.5717965633,6.7351490592,0.0,6.7351490592,123.7897779,0.0,123.7897779,2018.0
Obwalden,32.768690045,0.0,32.768690045,80.943949684,0.0,80.943949684,4.7038926033,0.0,4.7038926033,5.9987843873,0.0,5.9987843873,3.3297217304,0.0,3.3297217304,115.06038424,0.0,115.06038424,2018.0
Nidwalden,34.703745691,0.0,34.703745691,75.769844759,0.0,75.769844759,4.1644494829,0.0,4.1644494829,6.7093908336,0.0,6.7093908336,4.1644494829,0.0,4.1644494829,111.67665363,0.0,111.67665363,2018.0
Zug,76.239583087,0.0,76.239583087,26.995277403,0.0,26.995277403,5.227181343,0.0,5.227181343,6.7724717551,0.0,6.7724717551,4.2337803638,0.0,4.2337803638,108.37531635,0.0,108.37531635,2018.0
Tessin,81.98549285,0.0,81.98549285,39.763063086,0.0,39.763063086,6.9847145691,0.0,6.9847145691,3.3225506095,0.0,3.3225506095,9.4667221368,0.0,9.4667221368,125.22110244,0.0,125.22110244,2018.0
Total,82.975628841,0.0,82.975628841,24.047781364,0.0,24.047781364,5.591310189,0.0,5.591310189,6.4236332814,0.0,6.4236332814,11.230028981,0.0,11.230028981,118.680349,0.0,118.680349,2019.0
Genferseeregion,77.326437633,0.0,77.326437633,21.769438423,0.0,21.769438423,1.2545694186,0.0,1.2545694186,4.1825023825,0.0,4.1825023825,6.6868066555,0.0,6.6868066555,104.05855624,0.0,104.05855624,2019.0
Waadt,71.746545141,0.0,71.746545141,26.663834713,0.0,26.663834713,1.5302484915,0.0,1.5302484915,4.7161960407,0.0,4.7161960407,4.0169022902,0.0,4.0169022902,99.741894776,0.0,99.741894776,2019.0
Wallis,97.810578106,0.0,97.810578106,2.3963533753,0.0,2.3963533753,0.408074669,0.0,0.408074669,4.9171550539,0.0,4.9171550539,10.803849215,0.0,10.803849215,111.16127632,0.0,111.16127632,2019.0
Genf,72.197933858,0.0,72.197933858,27.231179383,0.0,27.231179383,1.3944871144,0.0,1.3944871144,2.8266630697,0.0,2.8266630697,8.1288879015,0.0,8.1288879015,106.0841691,0.0,106.0841691,2019.0
Espace Mittelland,92.750707098,0.0,92.750707098,19.963595578,0.0,19.963595578,5.8126221785,0.0,5.8126221785,5.9308252376,0.0,5.9308252376,6.4168889379,0.0,6.4168889379,119.29073924,0.0,119.29073924,2019.0
Bern,101.28488062,0.0,101.28488062,16.339033011,0.0,16.339033011,6.5975676159,0.0,6.5975676159,6.8255675467,0.0,6.8255675467,4.1790367051,0.0,4.1790367051,122.76786144,0.0,122.76786144,2019.0
Freiburg,70.752650078,0.0,70.752650078,25.128735825,0.0,25.128735825,6.137676633,0.0,6.137676633,2.5669472906,0.0,2.5669472906,10.668680446,0.0,10.668680446,105.88502189,0.0,105.88502189,2019.0
Solothurn,106.35538262,0.0,106.35538262,6.8665598535,0.0,6.8665598535,3.1389987902,0.0,3.1389987902,7.6840074551,0.0,7.6840074551,12.38887254,0.0,12.38887254,125.73434043,0.0,125.73434043,2019.0
Neuenburg,87.531728764,0.0,87.531728764,18.974934276,0.0,18.974934276,6.4477381924,0.0,6.4477381924,4.3627051038,0.0,4.3627051038,1.6204333243,0.0,1.6204333243,109.85518085,0.0,109.85518085,2019.0
Jura,30.020113068,0.0,30.020113068,99.940204392,0.0,99.940204392,1.7802783214,0.0,1.7802783214,5.2049358556,0.0,5.2049358556,8.6024135682,0.0,8.6024135682,127.32387476,0.0,127.32387476,2019.0
Nordwestschweiz,83.559249528,0.0,83.559249528,26.288533476,0.0,26.288533476,7.6403078323,0.0,7.6403078323,8.2192225295,0.0,8.2192225295,20.465232245,0.0,20.465232245,129.02027653,0.0,129.02027653,2019.0
Basel-Stadt,91.368640346,0.0,91.368640346,14.608566002,0.0,14.608566002,11.304916158,0.0,11.304916158,5.1469536978,0.0,5.1469536978,46.225567288,0.0,46.225567288,144.23725006,0.0,144.23725006,2019.0
Basel-Landschaft,90.935785648,0.0,90.935785648,16.727237553,0.0,16.727237553,7.2823248166,0.0,7.2823248166,6.9023173546,0.0,6.9023173546,33.181560656,0.0,33.181560656,137.91507179,0.0,137.91507179,2019.0
Aargau,78.215923423,0.0,78.215923423,33.659208713,0.0,33.659208713,6.7449642412,0.0,6.7449642412,9.6523266919,0.0,9.6523266919,7.742274129,0.0,7.742274129,120.92090779,0.0,120.92090779,2019.0
Zürich,85.566906498,0.0,85.566906498,12.450017053,0.0,12.450017053,7.3697032694,0.0,7.3697032694,7.1013951373,0.0,7.1013951373,14.000097448,0.0,14.000097448,114.56042617,0.0,114.56042617,2019.0
Ostschweiz,80.558331426,0.0,80.558331426,35.187989995,0.0,35.187989995,6.8524336192,0.0,6.8524336192,8.9085015961,0.0,8.9085015961,16.504295864,0.0,16.504295864,136.34585868,0.0,136.34585868,2019.0
Glarus,25.424981523,0.0,25.424981523,97.95516137,0.0,97.95516137,4.8041389505,0.0,4.8041389505,8.7706331609,0.0,8.7706331609,5.5186006406,0.0,5.5186006406,126.04089677,0.0,126.04089677,2019.0
Schaffhausen,103.15976101,0.0,103.15976101,2.2465633652,0.0,2.2465633652,2.8051683101,0.0,2.8051683101,8.4762228591,0.0,8.4762228591,13.102929033,0.0,13.102929033,120.10006315,0.0,120.10006315,2019.0
Appenzell A. Rh.,47.596717468,0.0,47.596717468,77.355938317,0.0,77.355938317,7.5931102895,0.0,7.5931102895,7.6652538552,0.0,7.6652538552,22.562900171,0.0,22.562900171,151.55559564,0.0,151.55559564,2019.0
Appenzell I. Rh.,42.286706349,0.0,42.286706349,70.436507937,0.0,70.436507937,4.5262896825,0.0,4.5262896825,7.1304563492,0.0,7.1304563492,16.307043651,0.0,16.307043651,133.74255952,0.0,133.74255952,2019.0
St. Gallen,84.511702765,0.0,84.511702765,36.619845164,0.0,36.619845164,6.8861677507,0.0,6.8861677507,8.147098098,0.0,8.147098098,19.957551289,0.0,19.957551289,147.33501196,0.0,147.33501196,2019.0
Graubünden,64.133935615,0.0,64.133935615,47.713557866,0.0,47.713557866,7.2303927726,0.0,7.2303927726,8.903583039,0.0,8.903583039,10.491355184,0.0,10.491355184,123.57489913,0.0,123.57489913,2019.0
Thurgau,95.121750546,0.0,95.121750546,13.84740312,0.0,13.84740312,7.9986549668,0.0,7.9986549668,10.799615092,0.0,10.799615092,15.882839022,0.0,15.882839022,128.77619864,0.0,128.77619864,2019.0
Zentralschweiz,69.516045922,0.0,69.516045922,35.295898955,0.0,35.295898955,5.4581287044,0.0,5.4581287044,5.845204051,0.0,5.845204051,5.7182140319,0.0,5.7182140319,111.90018584,0.0,111.90018584,2019.0
Luzern,91.636812548,0.0,91.636812548,7.0778466305,0.0,7.0778466305,5.906274206,0.0,5.906274206,5.2502904725,0.0,5.2502904725,6.2790472502,0.0,6.2790472502,109.34111154,0.0,109.34111154,2019.0
Uri,26.373865897,0.0,26.373865897,90.946244176,0.0,90.946244176,4.223088031,0.0,4.223088031,6.4844835572,0.0,6.4844835572,4.5500367817,0.0,4.5500367817,117.07489851,0.0,117.07489851,2019.0
Schwyz,32.097457627,0.0,32.097457627,83.892073779,0.0,83.892073779,5.0598205384,0.0,5.0598205384,6.6924227318,0.0,6.6924227318,6.7983549352,0.0,6.7983549352,119.85294118,0.0,119.85294118,2019.0
Obwalden,33.403638281,0.0,33.403638281,73.714737675,0.0,73.714737675,5.2992354337,0.0,5.2992354337,5.1410493013,0.0,5.1410493013,4.0073820195,0.0,4.0073820195,109.30661745,0.0,109.30661745,2019.0
Nidwalden,37.691182955,0.0,37.691182955,73.456030821,0.0,73.456030821,4.6185624434,0.0,4.6185624434,6.1735558289,0.0,6.1735558289,3.9919233179,0.0,3.9919233179,111.9363149,0.0,111.9363149,2019.0
Zug,78.845521067,0.0,78.845521067,25.226806224,0.0,25.226806224,5.1942150703,0.0,5.1942150703,6.6200780307,0.0,6.6200780307,3.9720468184,0.0,3.9720468184,109.45456825,0.0,109.45456825,2019.0
Tessin,83.313655257,0.0,83.313655257,36.291114139,0.0,36.291114139,6.2675857988,0.0,6.2675857988,3.6473195615,0.0,3.6473195615,10.629006148,0.0,10.629006148,124.13120108,0.0,124.13120108,2019.0
Total,77.157768474,0.0,77.157768474,23.449592286,0.0,23.449592286,5.6017669516,0.0,5.6017669516,6.3237719571,0.0,6.3237719571,10.754760504,0.0,10.754760504,111.40444967,0.0,111.40444967,2020.0
Genferseeregion,71.441320358,0.0,71.441320358,22.171671434,0.0,22.171671434,1.1721314225,0.0,1.1721314225,4.105754165,0.0,4.105754165,6.6925889191,0.0,6.6925889191,98.129620845,0.0,98.129620845,2020.0
Waadt,66.790056483,0.0,66.790056483,25.786671445,0.0,25.786671445,1.3243131123,0.0,1.3243131123,4.4491520223,0.0,4.4491520223,3.8293391199,0.0,3.8293391199,93.633478243,0.0,93.633478243,2020.0
Wallis,90.80266167,0.0,90.80266167,2.5566494406,0.0,2.5566494406,0.4332817795,0.0,0.4332817795,4.9353951042,0.0,4.9353951042,11.199329704,0.0,11.199329704,104.64185387,0.0,104.64185387,2020.0
Genf,65.599800925,0.0,65.599800925,29.85525622,0.0,29.85525622,1.4357856236,0.0,1.4357856236,2.982168214,0.0,2.982168214,8.1980001698,0.0,8.1980001698,100.88220831,0.0,100.88220831,2020.0
Espace Mittelland,87.294197953,0.0,87.294197953,19.8154448,0.0,19.8154448,5.5900401595,0.0,5.5900401595,5.9039095465,0.0,5.9039095465,6.407155589,0.0,6.407155589,114.22049878,0.0,114.22049878,2020.0
Bern,95.936084791,0.0,95.936084791,16.957585425,0.0,16.957585425,6.3865359322,0.0,6.3865359322,6.7613686475,0.0,6.7613686475,3.9534785626,0.0,3.9534785626,118.6848836,0.0,118.6848836,2020.0
Freiburg,63.902474992,0.0,63.902474992,24.743775653,0.0,24.743775653,5.6529112493,0.0,5.6529112493,2.7250718903,0.0,2.7250718903,10.359574311,0.0,10.359574311,98.584928847,0.0,98.584928847,2020.0
Solothurn,100.74893139,0.0,100.74893139,6.9198665042,0.0,6.9198665042,3.142772704,0.0,3.142772704,7.8533276629,0.0,7.8533276629,13.140538164,0.0,13.140538164,121.16614167,0.0,121.16614167,2020.0
Neuenburg,82.674792773,0.0,82.674792773,18.357647219,0.0,18.357647219,6.3561008335,0.0,6.3561008335,4.0365219962,0.0,4.0365219962,1.7283136434,0.0,1.7283136434,104.1820642,0.0,104.1820642,2020.0
Jura,28.666784246,0.0,28.666784246,90.518118547,0.0,90.518118547,1.4245207505,0.0,1.4245207505,4.9247717375,0.0,4.9247717375,9.4968050035,0.0,9.4968050035,117.89605069,0.0,117.89605069,2020.0
Nordwestschweiz,79.339908747,0.0,79.339908747,24.732267367,0.0,24.732267367,7.6359648529,0.0,7.6359648529,7.9431296625,0.0,7.9431296625,19.255764206,0.0,19.255764206,122.56298994,0.0,122.56298994,2020.0
Basel-Stadt,86.273413475,0.0,86.273413475,13.078506621,0.0,13.078506621,10.648842351,0.0,10.648842351,4.879660457,0.0,4.879660457,42.519124711,0.0,42.519124711,134.79045416,0.0,134.79045416,2020.0
Basel-Landschaft,85.376792717,0.0,85.376792717,16.441614055,0.0,16.441614055,7.8255759205,0.0,7.8255759205,6.0350071657,0.0,6.0350071657,32.36083569,0.0,32.36083569,131.26827944,0.0,131.26827944,2020.0
Aargau,74.843820238,0.0,74.843820238,31.511140055,0.0,31.511140055,6.7024746712,0.0,6.7024746712,9.6113947833,0.0,9.6113947833,7.1678442582,0.0,7.1678442582,115.4476769,0.0,115.4476769,2020.0
Zürich,81.509028771,0.0,81.509028771,11.871203143,0.0,11.871203143,7.7577066903,0.0,7.7577066903,6.9047516356,0.0,6.9047516356,13.127139227,0.0,13.127139227,110.11746318,0.0,110.11746318,2020.0
Ostschweiz,69.216449342,0.0,69.216449342,33.161535502,0.0,33.161535502,6.6567817955,0.0,6.6567817955,8.9919359232,0.0,8.9919359232,16.397207538,0.0,16.397207538,118.16583953,0.0,118.16583953,2020.0
Glarus,24.381288096,0.0,24.381288096,90.107953294,0.0,90.107953294,4.8224033683,0.0,4.8224033683,8.1760544418,0.0,8.1760544418,5.3364666716,0.0,5.3364666716,115.15017992,0.0,115.15017992,2020.0
Schaffhausen,99.714825466,0.0,99.714825466,2.5990590444,0.0,2.5990590444,2.514830279,0.0,2.514830279,8.7718242747,0.0,8.7718242747,8.9763798477,0.0,8.9763798477,113.263624,0.0,113.263624,2020.0
Appenzell A. Rh.,33.791968757,0.0,33.791968757,68.885714802,0.0,68.885714802,7.1055343615,0.0,7.1055343615,7.8287439657,0.0,7.8287439657,22.654540852,0.0,22.654540852,120.5952015,0.0,120.5952015,2020.0
Appenzell I. Rh.,32.345178911,0.0,32.345178911,64.935862027,0.0,64.935862027,3.3143067575,0.0,3.3143067575,8.2243908427,0.0,8.2243908427,17.430798502,0.0,17.430798502,110.78377217,0.0,110.78377217,2020.0
St. Gallen,65.843997326,0.0,65.843997326,35.471055619,0.0,35.471055619,6.8240480152,0.0,6.8240480152,8.1709763189,0.0,8.1709763189,20.188375601,0.0,20.188375601,119.01753922,0.0,119.01753922,2020.0
Graubünden,60.800815608,0.0,60.800815608,44.513633456,0.0,44.513633456,6.7667519591,0.0,6.7667519591,8.6908284024,0.0,8.6908284024,10.739844874,0.0,10.739844874,116.87889813,0.0,116.87889813,2020.0
Thurgau,87.865709468,0.0,87.865709468,12.873397453,0.0,12.873397453,7.8611850454,0.0,7.8611850454,11.151995871,0.0,11.151995871,15.99807712,0.0,15.99807712,119.35286612,0.0,119.35286612,2020.0
Zentralschweiz,66.633161569,0.0,66.633161569,34.561517175,0.0,34.561517175,5.5077536043,0.0,5.5077536043,5.7233165202,0.0,5.7233165202,4.5813174769,0.0,4.5813174769,107.12508099,0.0,107.12508099,2020.0
Luzern,88.30855032,0.0,88.30855032,7.4769363055,0.0,7.4769363055,5.8292722176,0.0,5.8292722176,4.9838235895,0.0,4.9838235895,4.55629559,0.0,4.55629559,104.33604661,0.0,104.33604661,2020.0
Uri,27.268529835,0.0,27.268529835,84.847497216,0.0,84.847497216,5.051739591,0.0,5.051739591,6.735652788,0.0,6.735652788,3.6122654064,0.0,3.6122654064,113.22958255,0.0,113.22958255,2020.0
Schwyz,31.666841394,0.0,31.666841394,81.636932109,0.0,81.636932109,5.2541672577,0.0,5.2541672577,6.6047102499,0.0,6.6047102499,6.6355445648,0.0,6.6355445648,116.80655168,0.0,116.80655168,2020.0
Obwalden,32.329169728,0.0,32.329169728,74.65624016,0.0,74.65624016,5.0120709562,0.0,5.0120709562,5.1432770022,0.0,5.1432770022,2.5978797103,0.0,2.5978797103,107.56271649,0.0,107.56271649,2020.0
Nidwalden,34.765625,0.0,34.765625,67.922794118,0.0,67.922794118,4.1360294118,0.0,4.1360294118,6.2959558824,0.0,6.2959558824,2.3207720588,0.0,2.3207720588,102.96415441,0.0,102.96415441,2020.0
Zug,72.759600603,0.0,72.759600603,25.335031135,0.0,25.335031135,5.5282078358,0.0,5.5282078358,6.692858363,0.0,6.692858363,3.7035886765,0.0,3.7035886765,103.48308151,0.0,103.48308151,2020.0
Tessin,74.752269321,0.0,74.752269321,36.927398814,0.0,36.927398814,6.980335398,0.0,6.980335398,3.4616765341,0.0,3.4616765341,9.7810169067,0.0,9.7810169067,114.55157756,0.0,114.55157756,2020.0
